,rab.all,rab.win.PA2.1,rab.win.PA2.2,diff.btw,diff.win,effect,overlap,we.ep,we.eBH,wi.ep,wi.eBH
ASV1_Phascolarctobacterium_A.sp900545025.GB_GCA_900545025_1.,5.198218456,3.351401112,10.69923743,6.063449256,8.036345907,0.681887687,0.233200001,1.07E-19,3.97E-17,1.42E-20,5.25E-18
ASV7_Genus_Campylobacter_D,4.488006374,3.681936394,8.159088704,4.211451864,6.597361018,0.577855475,0.253949211,1.68E-11,4.67E-10,2.70E-16,3.20E-14
ASV67_Coprobacter.fastidiosus.RS_GCF_000473955_1.,6.143153682,4.919518387,7.73563408,2.378307856,5.41128918,0.395938595,0.312337533,6.29E-11,1.83E-09,7.16E-11,1.88E-09
ASV810_Turicimonas.muris.RS_GCF_002221595_1.,-1.853909835,-2.444166123,-0.035379537,2.703167538,7.122641359,0.379530006,0.325400001,3.21E-07,2.64E-06,2.17E-07,1.51E-06
ASV16_Cloacibacillus.porcorum.RS_GCF_001701045_1.,2.663814251,1.783151187,5.142786143,3.194395425,8.462987745,0.357870194,0.350200001,4.39E-06,2.99E-05,7.95E-07,6.29E-06
ASV23_Bacteroides.uniformis.RS_GCF_000154205_1.,9.552282802,9.076927186,10.38780752,1.246733723,2.864783161,0.349705537,0.315136973,1.15E-06,8.35E-06,6.90E-10,1.28E-08
ASV4_Phocaeicola.dorei.RS_GCF_013009555_1.,9.920302925,9.42203276,10.92430963,1.504522744,3.781887909,0.339483542,0.318400001,1.26E-14,1.84E-12,9.78E-10,1.71E-08
ASV79_Paraprevotella.sp900760455.GB_GCA_900760455_1.,0.234331064,-0.544506437,2.004567681,2.420656189,7.08777714,0.329840883,0.351729655,4.84E-05,0.000233879,2.60E-06,1.66E-05
ASV98_CAG.196.sp002102975.RS_GCF_900552525_1.,3.067038401,1.977187746,5.524433462,2.480917388,7.456015844,0.318343726,0.350729855,2.94E-05,0.000140952,2.23E-06,1.58E-05
ASV143_Genus_Ruminococcus_E,2.972087552,2.288492185,4.131161667,1.905678335,5.908159032,0.299744945,0.352529495,6.01E-05,0.000277357,6.39E-07,5.23E-06
ASV3317_Lenti.01.sp002347655.GB_GCA_002347655_1.,-2.479137591,-2.896557559,-1.429963276,1.590496847,4.67403963,0.296189656,0.357928415,0.001254612,0.003213708,0.000150881,0.000469211
ASV103_Family_Muribaculaceae,1.670225779,0.270467801,4.95098625,2.518322376,8.500276633,0.294715446,0.3736,0.000121414,0.000519193,3.02E-05,0.000153816
ASV129_W0P29.029.sp004558035.GB_GCA_004558035_1.,-1.34288635,-1.809988629,-0.133008051,2.007207913,6.301461088,0.278086974,0.361727655,0.000262452,0.00091727,0.000106173,0.000394211
ASV132_Duodenibacillus.sp003472385.RS_GCF_003472385_1.,0.498334291,-0.249684223,2.368757396,2.193969781,7.685666631,0.271710449,0.3724,0.000423549,0.001566933,8.87E-05,0.000393414
ASV194_Class_Bacteroidia,5.461791646,4.492283798,6.879523407,1.64470589,5.647601399,0.270238796,0.3654,4.23E-07,3.99E-06,3.35E-06,2.43E-05
ASV95_Anaerotignum.lactatifermentans.RS_GCF_900142265_1.,8.049952456,7.915891299,8.501524002,0.588839674,1.906850369,0.257202505,0.3742,9.83E-05,0.00052075,2.82E-05,0.000154506
ASV85_Parabacteroides.johnsonii.RS_GCF_000156495_1.,6.918886118,6.326646492,7.798396679,1.730537392,6.548036832,0.255814248,0.342200001,1.08E-05,6.42E-05,2.26E-07,2.12E-06
ASV6_Kingdom_Bacteria,10.44283454,10.26884916,10.76570268,0.573282549,1.98560775,0.253425799,0.3672,0.000168823,0.00083338,2.86E-05,0.000156854
ASV2215_RUG572.sp902802945.GB_GCA_902802945_1.,-2.352701363,-2.711386333,-1.465116375,1.422468109,5.266578052,0.251073014,0.3798,0.002287688,0.005718409,0.00097261,0.002586289
ASV560_Gallibacterium.anatis.RS_GCF_000379785_1.,-1.24665873,-1.711432176,-0.062838718,1.803480632,6.530935973,0.249776245,0.381323736,0.001547148,0.004532953,0.000546918,0.00172766
ASV178_Family_Bacteroidaceae,-1.90501637,-2.247117303,-1.06235064,1.40690417,5.302400025,0.244745733,0.3898,0.004775002,0.010747247,0.00164129,0.004127068
ASV3126_Succiniclasticum.ruminis.RS_GCF_900112895_1.,-2.435727666,-2.767710813,-1.650727851,1.433490257,5.170500968,0.244528184,0.383523296,0.00566486,0.012068195,0.003323559,0.007351506
ASV1463_Family_UBA932,-1.94781436,-2.349846918,-0.94068394,1.52013204,5.674749534,0.242703049,0.3888,0.001280296,0.003516667,0.000464765,0.001419083
ASV1303_Genus_RUG410,-2.404395325,-2.728836155,-1.640343246,1.320938234,5.375868981,0.224343448,0.387722456,0.011363344,0.023512565,0.005669464,0.012243553
ASV4545_F082.sp001603665.GB_GCA_001603665_1.,-2.563334199,-2.870855077,-1.836262796,1.147575584,4.929020215,0.212782634,0.395,0.017401102,0.031645774,0.00856549,0.016267755
ASV171_Fusobacterium_A.necrogenes.RS_GCF_900450765_1.,-1.100477846,-1.507364559,-0.154759577,1.463762447,6.311857472,0.207134526,0.394521096,0.001702856,0.004917798,0.002738899,0.006917567
ASV14_Genus_Escherichia,6.201845083,5.811630934,7.052395914,1.138527921,4.707346354,0.206308947,0.394321136,0.109476772,0.182146764,0.000575512,0.002256965
ASV3380_Family_Paludibacteraceae,-2.582088873,-2.898857936,-1.844797587,1.077631616,4.798816274,0.198289278,0.403319336,0.0170811,0.032381486,0.006925909,0.013910425
ASV2_Helicobacter_D.pullorum.RS_GCF_008801855_1.,8.954076291,8.484049308,9.648681095,1.356676621,6.307296073,0.198189912,0.3874,0.000189774,0.000848856,6.00E-05,0.000301576
ASV5023_Fibrobacter.sp900177705.RS_GCF_900177705_1.,-2.346525129,-2.622932335,-1.70736644,1.130048479,5.022328048,0.19804761,0.4068,0.031577135,0.054804227,0.018694914,0.032680041
ASV241_UBA7173.sp004102805.RS_GCF_004102805_1.,-0.08367629,-0.534372411,1.218709218,1.589930171,8.060278753,0.196753361,0.411117777,0.005723302,0.014929949,0.008841341,0.020238821
ASV3033_RUG472.sp902765005.GB_GCA_902765005_1.,-2.492016442,-2.770407845,-1.834483102,1.066405261,4.839948443,0.195022975,0.406718657,0.031724313,0.054319493,0.016391595,0.028915953
ASV3581_Bact.08.sp001897515.GB_GCA_001897515_1.,-2.587303104,-2.859585979,-1.964932573,1.073871929,4.777484347,0.194234647,0.401119776,0.031083151,0.05358922,0.016171657,0.028632182
ASV12_Prevotella.rara.RS_GCF_001275135_1.,0.751718302,0.194844848,1.906203991,1.793725735,8.570856231,0.192953989,0.4162,0.013718885,0.031853777,0.008030503,0.019106814
ASV4115_HOT.345.sp013333605.GB_GCA_013333605_2.,-2.479764844,-2.759914801,-1.820463639,1.031983673,4.881574033,0.191121362,0.4074,0.027941758,0.048793033,0.012674118,0.023880372
ASV4613_F23.D06.sp902771655.GB_GCA_902771655_1.,-2.516060926,-2.815659762,-1.81963765,1.023784221,4.831081709,0.189893047,0.4116,0.018019948,0.033398277,0.008646879,0.016745847
ASV20_Akkermansia.muciniphila.RS_GCF_000020225_1.,2.669314138,2.040817733,4.180411003,1.531050205,7.801248297,0.182024225,0.418316337,0.005909381,0.016013138,0.00440701,0.012178783
ASV53_Barnesiella.sp003150885.RS_GCF_902363425_1.,3.402308711,2.593792154,4.355915803,1.46497666,7.69789749,0.178296554,0.421315737,0.015127123,0.035851007,0.008106205,0.020439865
ASV4053_CAG.145.sp002320005.GB_GCA_002320005_1.,-2.675015535,-2.945865309,-2.043072544,0.917633072,4.688718918,0.175162348,0.4128,0.041133295,0.068075523,0.018170732,0.031879743
ASV8005_Class_Planctomycetes,-2.729095771,-2.977961914,-2.152160446,0.90928199,4.639915691,0.173411483,0.4126,0.05374569,0.082651756,0.026729869,0.043542106
ASV4318_RF16.sp900321605.GB_GCA_900321605_1.,-2.766942943,-3.010377674,-2.208638839,0.897134722,4.799098412,0.171602844,0.4164,0.042141482,0.069730421,0.030314784,0.04963225
ASV499_Genus_Desulfovibrio,4.774122709,4.650583647,5.139715802,0.918383901,4.541545318,0.169695312,0.3976,0.006691979,0.017540863,0.001585833,0.00533655
ASV261_Genus_Methanocorpusculum,2.412834816,1.64307502,3.683954526,1.241785773,7.553414285,0.167047182,0.416916617,0.012176255,0.028725136,0.004841515,0.012936429
ASV526_RC9.sp000434935.GB_GCA_000434935_1.,-2.305355599,-2.604161168,-1.626834589,0.916305069,4.904566845,0.165924563,0.416716657,0.036380158,0.061259767,0.01594331,0.028923217
ASV6866_Saccharofermentans.sp003149065.RS_GCF_003149065_1.,-2.845480458,-3.045617744,-2.400195328,0.853722893,4.534524152,0.165513368,0.415516897,0.118738895,0.167624448,0.075256514,0.109246097
ASV862_Family_Acidaminococcaceae,-2.801656376,-3.055378111,-2.210318498,1.077148051,5.435642872,0.165429819,0.402919416,0.006245756,0.013695823,0.018206623,0.030809138
ASV5941_Massilibacteroides.vaginae.RS_GCF_900178525_1.,-2.806367927,-3.042339346,-2.274132148,0.881392962,4.593993904,0.164780963,0.4124,0.080362778,0.118728037,0.041379591,0.064333122
ASV2291_Class_Gammaproteobacteria,-2.693089912,-2.942424904,-2.098422418,0.879594184,4.696688283,0.160951231,0.4192,0.05009079,0.079996068,0.022948924,0.038873562
ASV3974_Genus_Brevibacterium,-2.760317944,-2.97145592,-2.2560828,0.811312901,4.745388905,0.155698561,0.420315937,0.058147758,0.092818123,0.046872913,0.072893208
ASV201_Gemmiger.variabilis.RS_GCF_000157955_1.,5.041929946,4.829979025,5.574627412,0.78839503,3.90728206,0.155135968,0.4072,0.018475256,0.041610948,0.001929728,0.006303506
ASV5815_Syner.03.sp002839185.GB_GCA_002839185_1.,-2.746908137,-2.991870561,-2.182523677,0.785687745,4.547403805,0.15381851,0.425514897,0.081629847,0.120153513,0.037623208,0.059277868
ASV458_CAIPUE01.sp903868125.GB_GCA_903868125_1.,-0.149342056,-0.545363652,0.687932653,1.175496988,7.012009181,0.153696794,0.428714257,0.045971229,0.085165256,0.025686205,0.051055452
ASV6798_Order_Planctomycetales,-2.83050339,-3.040566722,-2.362211048,0.787964835,4.510503586,0.152922084,0.4256,0.122729296,0.170125411,0.068063616,0.098818291
ASV552_Massilioclostridium.coli.RS_GCF_900095865_1.,3.099825639,2.746574071,3.832457848,0.922429327,5.597744604,0.152728919,0.4162,0.070815696,0.122956755,0.007795739,0.019733677
ASV3880_Porphyromonas.loveana.RS_GCF_003096695_1.,-2.724118603,-2.945547451,-2.203540666,0.804656866,4.687106336,0.1525778,0.4252,0.074397743,0.111043738,0.046261899,0.070463283
ASV133_Agathobaculum.sp900291975.RS_GCF_900291975_1.,7.686220392,7.524480196,8.031423853,0.506142968,2.628304509,0.151651208,0.4198,0.109502536,0.183498265,0.006644006,0.01758397
ASV122_Enterococcus_E.cecorum.RS_GCF_000407565_1.,2.277322459,1.960625166,2.901607642,1.105764909,6.82198462,0.15105694,0.426514697,0.043141598,0.082577151,0.022523229,0.047736062
ASV6757_Pelistega.sp009833965.RS_GCF_009833965_1.,-2.806589989,-3.023025694,-2.309948323,0.778371787,4.551709675,0.15005086,0.421915617,0.087528862,0.13071962,0.045258467,0.071450736
ASV1070_CACZRW01.sp902783675.GB_GCA_902783675_1.,-1.544486957,-1.832662897,-0.887332187,0.925710099,5.685629091,0.147352375,0.4368,0.081789331,0.128929273,0.046490895,0.07836465
ASV367_Intestinimonas.timonensis.RS_GCF_900626145_1.,6.609755867,6.435468745,6.919685359,0.382478518,1.891051781,0.147158707,0.4114,0.566408575,0.655875381,0.003317053,0.009791143
ASV9_Alistipes.shahii.RS_GCF_000210575_1.,10.24982426,10.04221093,10.65297861,0.529821076,2.936283359,0.14162553,0.429714057,0.00245787,0.007980117,0.015082569,0.034996275
ASV4072_Jeotgalicoccus.aerolatus.RS_GCF_014635205_1.,-2.652460137,-2.829832289,-2.249099838,0.715440102,4.859573869,0.139518388,0.43,0.135286657,0.187801565,0.108926526,0.15047733
ASV6267_Pyramidobacter.sp002007215.RS_GCF_002007215_1.,-2.779378146,-2.989356504,-2.302313814,0.716143738,4.639239877,0.137676038,0.4358,0.101931622,0.146186918,0.059418,0.089648021
ASV6777_Endomicrobium.sp009778965.GB_GCA_009778965_1.,-2.834222353,-3.03082934,-2.381741721,0.723911521,4.446442269,0.135412738,0.432313538,0.134662774,0.187009588,0.074393659,0.108209433
ASV161_CAG.495.sp001917125.GB_GCA_001917125_1.,7.03558252,6.813857765,7.443258768,0.662026521,3.823891707,0.135253129,0.413717257,0.021896744,0.048989593,0.00303513,0.009222036
ASV7579_UBA1711.sp902762805.GB_GCA_902762805_1.,-2.777976834,-2.967620387,-2.363167375,0.695502912,4.551578311,0.134294565,0.433513298,0.186534227,0.246080707,0.114323445,0.15711466
ASV3747_Phylum_Proteobacteria,-2.820650833,-3.016213099,-2.37521506,0.757727073,4.871330209,0.132619316,0.4318,0.07360091,0.111229365,0.075004966,0.10759185
ASV1742_Class_Alphaproteobacteria,-1.928022488,-2.193120095,-1.334803112,0.860693875,5.817048285,0.132443644,0.4352,0.061283383,0.101416242,0.047642639,0.078020827
ASV507_UBA6984.sp003258725.GB_GCA_003258725_1.,3.405207323,3.113176619,4.120090801,0.924776611,6.304756653,0.132372149,0.429514097,0.07213315,0.127194982,0.018067169,0.040130915
ASV2797_Family_Dysgonomonadaceae,-2.609544551,-2.811263633,-2.155850415,0.745223011,4.82475461,0.131495682,0.428714257,0.089017196,0.132915213,0.070611269,0.104457002
ASV1004_UMGS1864.sp900555835.GB_GCA_900555835_1.,-2.746588711,-2.962014524,-2.253412278,0.821121154,5.217508198,0.130918969,0.4286,0.066026903,0.10419713,0.064934264,0.094587723
ASV2648_QALA01.sp003343565.GB_GCA_003343565_1.,-2.781431217,-2.980767351,-2.332901909,0.693568874,4.827423863,0.128181616,0.4348,0.145240967,0.200707235,0.088815117,0.126664764
ASV6073_Family_Rhodocyclaceae,-2.853631888,-3.029655635,-2.458408788,0.664536021,4.498455098,0.125477502,0.4346,0.182475967,0.241349597,0.119060362,0.162304353
ASV4910_Furfurilactobacillus.siliginis.RS_GCF_001437435_1.,-2.926982619,-3.091946578,-2.555061715,0.626346668,4.478303726,0.122501781,0.437312538,0.177774536,0.235717947,0.13141524,0.177230681
ASV5006_PeH17.sp000435055.GB_GCA_000435055_1.,-2.80090887,-2.997532576,-2.344912323,0.659244051,4.597853923,0.121945485,0.434713058,0.118280617,0.168483595,0.075976275,0.108972728
ASV1007_Family_Helicobacteraceae,-1.295813839,-1.529382866,-0.762782084,0.789808748,5.581644551,0.120555839,0.442,0.180501686,0.249942189,0.121185929,0.176128023
ASV8567_UBA4372.sp902791675.GB_GCA_902791675_1.,-2.914715558,-3.099969554,-2.495187578,0.641171672,4.512110037,0.119462298,0.4358,0.149211391,0.204003135,0.102132741,0.140519401
ASV10069_Butyrivibrio.sp000421405.RS_GCF_000421405_1.,-2.887168962,-3.042238832,-2.536904939,0.618194135,4.482514236,0.119312699,0.440311938,0.223708618,0.286057648,0.159243216,0.208594736
ASV88_UMGS1872.sp014237695.GB_GCA_014237695_1.,3.75304678,3.625447267,4.235389528,0.683534297,4.999367724,0.1186323,0.441311738,0.38648346,0.487534583,0.062628741,0.113483216
ASV127_Family_CAG.239,3.498298668,3.199104115,4.385135117,0.905970166,7.20244617,0.117480895,0.439912018,0.139364637,0.21756894,0.059988451,0.108570234
ASV110_Mailhella.sp900553065.GB_GCA_900553065_1.,4.728465396,3.920081359,5.449198277,0.863133679,7.126927196,0.114688922,0.437312538,0.039031516,0.079012786,0.037657166,0.074983239
ASV6085_CACXMZ01.sp902768975.GB_GCA_902768975_1.,-2.891441302,-3.061088796,-2.522730418,0.587176265,4.502804033,0.113494789,0.44,0.18705523,0.247525741,0.134749066,0.181052464
ASV112_Family_Megasphaeraceae,-2.26510776,-2.456688868,-1.810920844,0.825457452,5.991196882,0.11316467,0.4346,0.044644421,0.080103588,0.083604568,0.124487205
ASV135_CAG.831.sp902388455.GB_GCA_902388455_1.,1.342863545,1.216558379,1.545655249,0.748677852,6.107528039,0.112791927,0.4432,0.091499658,0.148782519,0.045640599,0.084062557
ASV1013_UMGS1477.sp900553845.GB_GCA_900553845_1.,-1.839983665,-2.065745926,-1.331687709,0.738747862,6.284012791,0.111426553,0.448510298,0.157284512,0.223526023,0.123249092,0.175171677
ASV137_UBA1067.sp002449695.GB_GCA_002449695_1.,-1.539966772,-1.731596613,-1.10377098,0.721733665,5.671132703,0.110484993,0.443711258,0.294448761,0.373457988,0.13234849,0.18758964
ASV3293_Facklamia_A.tabacinasalis.RS_GCF_005864045_1.,-2.56406056,-2.721941392,-2.206404365,0.598523587,4.73742007,0.109899246,0.446710658,0.167624954,0.226201964,0.143571588,0.192184877
ASV6556_Genus_Snodgrassella,-2.831422878,-3.017815546,-2.41569193,0.576834579,4.56326944,0.109729961,0.4452,0.148326004,0.205324805,0.094937476,0.134931135
ASV978_Family_Tannerellaceae,-2.488116761,-2.706504803,-1.991625942,0.634154561,5.055327196,0.109525087,0.446310738,0.16992354,0.231049869,0.097599152,0.138149416
ASV8383_Genus_Acinetobacter,-2.842238888,-2.988170574,-2.518752244,0.574036669,4.533724769,0.108996557,0.445,0.241579117,0.307701701,0.185464955,0.238816434
ASV3110_UBA7862.sp002500135.GB_GCA_002500135_1.,-2.854062998,-3.004049176,-2.524532688,0.567433109,4.715847287,0.107890096,0.448,0.280800148,0.352347362,0.198498619,0.255407309
ASV3631_Collinsella.ihuae.RS_GCF_900046475_1.,-2.932419175,-3.08769083,-2.590989605,0.584209126,4.768548138,0.107447255,0.4422,0.140814757,0.1930918,0.161094143,0.208982831
ASV6822_Chryseomicrobium.excrementi.RS_GCF_002798305_1.,-2.94757718,-3.075089152,-2.679216883,0.554965843,4.508490691,0.106498856,0.446110778,0.288291695,0.358062573,0.242107658,0.300862859
ASV1256_Family_Treponemataceae,-2.932901777,-3.064053251,-2.648220447,0.547637392,4.463628865,0.106248595,0.445910818,0.288012999,0.360204705,0.222548268,0.281195871
ASV309_Order_Enterobacterales,-1.717007491,-1.949241803,-1.196194515,0.704188211,5.789169885,0.105541659,0.449710058,0.29022942,0.37114406,0.129950763,0.184231415
ASV4182_Family_Burkholderiaceae,-2.685368062,-2.846706822,-2.346774439,0.530236427,4.671036964,0.104419019,0.446710658,0.255873347,0.323713772,0.1956764,0.25184964
ASV3174_Staphylococcus.arlettae.RS_GCF_002902345_1.,-1.614619762,-1.851537025,-1.112681945,0.65077274,5.637813343,0.103740169,0.452309538,0.170836897,0.240330862,0.122271535,0.177838616
ASV6965_Family_Victivallaceae,-2.955999956,-3.09066578,-2.661834596,0.533532762,4.404891191,0.103279258,0.447910418,0.278898339,0.349081684,0.213898964,0.270553845
ASV9062_Family_Saccharimonadaceae,-2.931944707,-3.060877594,-2.652107948,0.513216616,4.412394642,0.101712431,0.4502,0.309379946,0.380226844,0.257063988,0.315810628
ASV6873_Enterococcus.faecalis.RS_GCF_000392875_1.,-2.826048319,-2.954646931,-2.548303836,0.519252756,4.521552857,0.101561877,0.449310138,0.286206791,0.354894822,0.231201711,0.290332986
ASV1748_Family_CAG.826,-2.853414963,-3.024003696,-2.470245538,0.538449422,4.49999143,0.100253573,0.448110378,0.193340011,0.253600157,0.138289992,0.184362845
ASV8164_CSBR16.202.sp007116995.GB_GCA_007116995_1.,-2.917685046,-3.054942416,-2.61470878,0.507239214,4.435797788,0.099632203,0.4486,0.273174377,0.345095988,0.212358804,0.271145087
ASV3039_Family_UBA1829,-2.888312936,-3.026957719,-2.583246291,0.543608005,4.668981518,0.098613023,0.448710258,0.294520256,0.368858196,0.208596941,0.265443789
ASV113_Fournierella.sp002161595.RS_GCF_002161595_1.,2.858500209,2.801544876,2.990586094,0.849437462,7.796898706,0.098451844,0.4558,0.212889378,0.306759295,0.133046456,0.206208702
ASV9707_Order_Pirellulales,-2.8321146,-2.990350112,-2.483775622,0.516347848,4.450839438,0.096654137,0.445310938,0.235902461,0.302545058,0.171691709,0.224064666
ASV2668_MWEH01.sp002070965.GB_GCA_002070965_1.,-2.850879998,-2.991294347,-2.553922707,0.545520902,4.855698848,0.096207605,0.4534,0.252928589,0.321468884,0.236130593,0.294667662
ASV7735_Genus_Kocuria,-2.940674315,-3.043150323,-2.723563234,0.501413916,4.470475366,0.096151551,0.454509098,0.378929948,0.454999845,0.327904041,0.394765868
ASV8048_Jeotgalibaca.arthritidis.RS_GCF_011100465_1.,-2.909909461,-3.036350345,-2.635146957,0.496329357,4.505886291,0.094095465,0.4538,0.296406866,0.36702512,0.234393435,0.293780828
ASV7402_Genus_Marinitoga,-2.890182673,-3.043222629,-2.554647341,0.487903199,4.474894606,0.093173368,0.452709458,0.248170539,0.313724357,0.189687624,0.24178105
ASV3058_Family_CAG.312,-2.408125111,-2.54346264,-2.122140056,0.518755583,4.900662154,0.092597862,0.454509098,0.331776365,0.408595604,0.285525186,0.350857036
ASV374_CAG.312.sp900546565.GB_GCA_900546565_1.,3.954487626,3.831499327,4.227963453,0.607532936,6.192718528,0.092087601,0.4456,0.110511561,0.179457744,0.088020683,0.148706826
ASV502_Genus_Treponema_D,-2.65991219,-2.783125449,-2.405956566,0.494164036,4.584819985,0.091555304,0.4548,0.316967746,0.391368437,0.273876199,0.337464951
ASV3431_UBA2834.sp004561445.GB_GCA_004561445_1.,-2.942793874,-3.085073072,-2.636201161,0.483036461,4.332278637,0.09022369,0.451709658,0.275432411,0.344776063,0.22126952,0.276425622
ASV2304_Brachybacterium.faecium.RS_GCF_000023405_1.,-2.731902172,-2.856352476,-2.454634017,0.516268947,5.092753328,0.089807828,0.449110178,0.270209293,0.342155975,0.246130388,0.308725576
ASV3797_Leuconostoc.lactis.GB_GCA_014651235_1.,-2.96001436,-3.070144088,-2.718176319,0.446032012,4.422634392,0.088947452,0.457908418,0.343532106,0.419660759,0.293467163,0.356592405
ASV281_Odoribacter.massiliensis.RS_GCF_900091655_1.,-2.040388019,-2.246514062,-1.595381992,0.689757243,7.006491168,0.088900995,0.446110778,0.208923449,0.290040454,0.174836514,0.236159739
ASV557_CAG.917.sp000437555.GB_GCA_000437555_1.,-0.416592268,-0.583725598,-0.081031305,0.634035179,6.692287219,0.087741038,0.4564,0.229663743,0.313273557,0.217032063,0.293749197
ASV7686_XBB1006.sp900115795.RS_GCF_900115795_1.,-2.897236261,-3.018756177,-2.63508465,0.451477274,4.507158353,0.087262029,0.4558,0.312373186,0.38378864,0.259419616,0.320333286
ASV7513_Staphylococcus_A.lentus.RS_GCF_002902755_1.,-2.708820971,-2.845022437,-2.409037894,0.44853882,4.573482414,0.08649518,0.455308938,0.291204633,0.362398298,0.24648586,0.306620877
ASV86_Ligilactobacillus.araffinosus.GB_GCA_001435375_1.,5.999281704,5.87700046,6.266804505,0.380619676,3.980155923,0.082076905,0.455,0.430121959,0.533949193,0.210897942,0.302474178
ASV8286_Family_Enterobacteriaceae,-2.82532328,-2.944583181,-2.564497114,0.436802951,4.525626839,0.081170341,0.457,0.331052135,0.40649669,0.27762415,0.340498202
ASV3367_Family_Butyricicoccaceae,-2.889766052,-3.003301002,-2.646966476,0.40386397,4.47098656,0.081088006,0.462507499,0.391499723,0.46699979,0.326381161,0.389555525
ASV5250_Genus_Corynebacterium,-2.73256312,-2.851880222,-2.475836085,0.45323044,4.741218284,0.081016366,0.4596,0.313773334,0.38783923,0.287280977,0.350220806
ASV4908_Ureaplasma.urealyticum.RS_GCF_000169535_1.,-2.878144434,-2.993057786,-2.635154026,0.447668662,4.638593111,0.080253952,0.4576,0.333083679,0.408277774,0.286984724,0.351044883
ASV2023_Faecalicoccus.acidiformans.RS_GCF_014202635_1.,-2.925726209,-3.048410901,-2.667545166,0.415906071,4.547440769,0.079354619,0.459108179,0.289069846,0.357927167,0.254187518,0.314306197
ASV3848_CAG.127.sp900319515.GB_GCA_014337155_1.,-2.859520917,-2.959624239,-2.653767723,0.417536553,4.605073196,0.078633403,0.463307339,0.45828426,0.538003743,0.391465047,0.460588297
ASV262_UBA1436.sp002432025.GB_GCA_002432025_1.,-1.518623229,-1.747370339,-1.014554171,0.579958257,6.331028755,0.07775281,0.4602,0.459529374,0.544474378,0.215573808,0.283944932
ASV96_Lachnoclostridium_B.sp002160985.RS_GCF_002160985_1.,6.334212133,6.223544314,6.550246578,0.249605998,2.144892036,0.077145026,0.449,0.683432283,0.75713133,0.087070164,0.147794218
ASV5182_Genus_Sphingomonas,-2.862103789,-2.974273829,-2.611981828,0.42922303,4.796196565,0.077000679,0.458108378,0.291077906,0.362499644,0.26867501,0.331037687
ASV230_UMGS1518.sp900552575.RS_GCF_903645315_1.,-1.606796428,-1.804806854,-1.157224587,0.620917313,7.486830822,0.076962426,0.4584,0.198245603,0.279184832,0.1622349,0.225251033
ASV142_Dialister.sp900765565.GB_GCA_900765565_1.,6.929116052,6.763256041,7.159033933,0.39769807,3.784629932,0.076957293,0.4428,0.039264878,0.079358016,0.061950309,0.113064945
ASV7333_UBA945.sp900197595.RS_GCF_900197595_1.,-2.95699129,-3.081230147,-2.682389779,0.377739204,4.471739024,0.07642821,0.4584,0.313840133,0.386316525,0.253493169,0.314616877
ASV1186_Genus_Brachyspira,-2.939441679,-3.03865093,-2.72538374,0.381148549,4.396323663,0.075485478,0.463507299,0.386033791,0.462435624,0.328106784,0.39588462
ASV2915_Proteus.sp001722135.RS_GCF_001722135_1.,-2.716091098,-2.824535876,-2.492372554,0.41187323,4.884216341,0.074596526,0.4628,0.357475252,0.435421969,0.34791708,0.41581583
ASV80_Family_UBA1067,-2.736192137,-2.857163048,-2.48552793,0.41673503,4.657845167,0.07441581,0.4602,0.427288754,0.507379988,0.336839681,0.403162834
ASV9364_Alkalibacterium.sp002500855.RS_GCF_009935905_1.,-2.949816852,-3.076936988,-2.677893927,0.377529923,4.421359347,0.074253299,0.4614,0.309785528,0.379608646,0.252822877,0.311866412
ASV5605_2011.GWC2.44.17.sp001029695.GB_GCA_001029695_1.,-2.956037017,-3.065982213,-2.718243094,0.388436007,4.452673295,0.074181963,0.459708059,0.35416223,0.426852499,0.301934841,0.364638958
ASV335_Veillonella_A.magna.RS_GCF_000428745_1.,-1.800852624,-1.934516192,-1.509889637,0.521964924,5.993075247,0.074155777,0.462707459,0.202363955,0.278143883,0.306577281,0.377629306
ASV5101_Genus_UBA1232,-2.927879072,-3.046419547,-2.674366423,0.374726791,4.417237639,0.073096011,0.463,0.331456822,0.407481408,0.281236101,0.344412011
ASV15017_Kingdom_,-2.839154236,-2.945684071,-2.609622831,0.370106296,4.503964298,0.07240999,0.4626,0.357695782,0.432104332,0.305830398,0.369762118
ASV8183_Rothia.terrae.RS_GCF_012396615_1.,-2.93874306,-3.052847427,-2.684847823,0.364995488,4.403942686,0.072172977,0.465906819,0.337025696,0.410178008,0.284684495,0.347850497
ASV3093_DTU089.sp002069015.GB_GCA_002069015_1.,-2.972537248,-3.08891699,-2.725036555,0.387590402,4.454071691,0.072111974,0.463507299,0.334670032,0.407789844,0.285031772,0.346770571
ASV46_Order_Bacteroidales,4.569197544,4.053500305,5.108375258,0.448992285,5.368882087,0.071952737,0.4622,0.158725698,0.243937892,0.110770879,0.179687635
ASV381_Class_Spirochaetia,-2.877951046,-2.986415932,-2.648572163,0.382113857,4.471880305,0.071480326,0.4638,0.367378126,0.444191311,0.315301952,0.380872279
ASV1259_CAG.462.sp900291465.RS_GCF_900291465_1.,-2.901786484,-3.031602649,-2.615814748,0.379282105,4.46179487,0.071407637,0.461507699,0.325550688,0.397158364,0.26107646,0.320345842
ASV6284_Succinivibrio.dextrinosolvens_B.RS_GCF_900116345_1.,-2.91398863,-3.047964668,-2.617941554,0.366613568,4.476671026,0.071331461,0.46,0.292786825,0.362106424,0.232174801,0.289329475
ASV498_Family_CAG.917,-1.426056567,-1.57366236,-1.110113088,0.512000094,6.534985702,0.070955667,0.467106579,0.363346571,0.452978091,0.365274931,0.444129943
ASV1100_UBA4951.sp900542595.GB_GCA_900542595_1.,-2.967546821,-3.08744099,-2.706881039,0.35568904,4.439293516,0.070564739,0.4644,0.313203902,0.385688475,0.255959794,0.316101574
ASV5552_UBA9732.sp902781545.GB_GCA_902781545_1.,-2.972631625,-3.085884686,-2.729704607,0.380544404,4.487252969,0.069999368,0.4638,0.341691069,0.415118982,0.291083151,0.352566214
ASV356_Spiro.01.sp900769955.RS_GCF_900769955_1.,-2.854936822,-2.952888089,-2.638467203,0.373503755,4.698517827,0.069496106,0.4636,0.400193583,0.478870023,0.366186587,0.43365618
ASV812_UBA4855.sp900540365.GB_GCA_900540365_1.,-2.956485881,-3.073762772,-2.699135944,0.354658938,4.409879995,0.069446608,0.463907219,0.324041624,0.396108659,0.261581611,0.323443127
ASV769_UBA1103.sp013333515.GB_GCA_013333515_2.,-2.963857479,-3.070323812,-2.728050478,0.347799953,4.511124211,0.0693281,0.467106579,0.351631498,0.424524289,0.301816711,0.364989749
ASV4741_Pradoshia.eiseniae.RS_GCF_002946355_1.,-2.962902587,-3.079890525,-2.711837909,0.318317734,4.49871523,0.067004891,0.4664,0.326251129,0.398454785,0.273681723,0.335455609
ASV3195_UMGS1071.sp900548305.GB_GCA_900548305_1.,-2.439663185,-2.531333162,-2.243324056,0.395481036,5.267238556,0.066364722,0.463507299,0.394843107,0.475550961,0.383297784,0.455525275
ASV8438_RQZE01.sp003858585.RS_GCF_003858585_1.,-2.904574127,-2.980171618,-2.743703607,0.338024473,4.560470637,0.065947302,0.4678,0.45397202,0.533922941,0.425655128,0.495050936
ASV1011_SCTM01.sp004297485.GB_GCA_004297485_1.,-2.938840944,-3.047788259,-2.697074412,0.344583046,4.539462839,0.065051021,0.467106579,0.360682693,0.436240324,0.306277922,0.370624321
ASV1976_CAAFZY01.sp900767645.RS_GCF_900767645_1.,-2.935227297,-3.034294107,-2.720645886,0.353255402,4.555873823,0.063389488,0.466706659,0.432367156,0.509711568,0.349155972,0.41556617
ASV6047_Cellulosilyticum.lentocellum.RS_GCF_000178835_2.,-2.910800908,-3.037651545,-2.637530122,0.343170298,4.55208234,0.062307601,0.4678,0.2883912,0.359589003,0.252853606,0.313526992
ASV9649_Aureimonas_A.sp001425485.RS_GCF_001425485_1.,-2.938125566,-3.048553519,-2.702126312,0.323901358,4.515551841,0.061325467,0.4668,0.337045363,0.410370049,0.29500936,0.357437605
ASV7172_Methylobacterium.sp008000895.RS_GCF_008000895_1.,-2.901971796,-2.97950077,-2.737695094,0.312286515,4.511539709,0.061204461,0.4678,0.465028019,0.544634625,0.426533332,0.497013433
ASV12812_Family_Staphylococcaceae,-2.957687738,-3.070110071,-2.718874103,0.318706788,4.4380738,0.060368877,0.4696,0.349668162,0.423262806,0.296238902,0.360393319
ASV3513_Genus_Lysinibacillus,-2.920113771,-3.012101431,-2.718031462,0.3140231,4.569596227,0.058588116,0.471705659,0.428368285,0.505856293,0.384058021,0.451220695
ASV2455_Nitratidesulfovibrio.sp011682075.RS_GCF_011682075_1.,-2.918560999,-3.008683541,-2.727030142,0.30174799,4.648635793,0.05850564,0.4684,0.496446393,0.57647715,0.397048904,0.465733
ASV9605_Agrobacterium.sp900013535.RS_GCF_005221385_1.,-2.912585306,-3.015370793,-2.688706908,0.329859287,4.498226674,0.058154756,0.468106379,0.359780127,0.435101299,0.314713731,0.380028522
ASV8124_SFGY01.sp004556455.GB_GCA_004556455_1.,-2.927806455,-3.020927627,-2.722177467,0.323526408,4.51629373,0.057208199,0.465106979,0.388917442,0.465147029,0.355327347,0.421054429
ASV8992_Paracoccus.sp004335005.RS_GCF_004335005_1.,-2.834546686,-2.907772388,-2.678005729,0.294101964,4.50199613,0.057147493,0.471305739,0.417761304,0.496553917,0.403912175,0.473678386
ASV2651_Latilactobacillus.curvatus.RS_GCF_004101845_1.,-2.864885937,-2.965453572,-2.655914622,0.278294447,4.670786197,0.056515903,0.473105379,0.473055623,0.551159137,0.377274341,0.444822712
ASV9126_Pseudomonas_E.marginalis.RS_GCF_900105325_1.,-2.882442438,-2.972786989,-2.690731678,0.279164617,4.504658899,0.056120239,0.4722,0.421841316,0.498152227,0.365786962,0.433158831
ASV6051_Genus_Enterococcus_D,-2.906293379,-2.986742936,-2.740859284,0.287834892,4.537125363,0.056109979,0.4698,0.477203337,0.555267959,0.424595676,0.493181236
ASV9146_Ruminococcus_F.champanellensis.RS_GCF_000210095_1.,-2.908467983,-2.988838803,-2.736479691,0.313453988,4.465094386,0.055832201,0.4696,0.435300957,0.512141303,0.397104853,0.465670433
ASV740_Genus_Anaeroglobus,-2.766666725,-2.866524041,-2.547631513,0.30675276,5.104373484,0.055085498,0.471105779,0.369595564,0.449043315,0.32943427,0.398147394
ASV334_Butyricimonas.sp003479425.RS_GCF_003479425_1.,5.731824724,5.664012858,5.872298853,0.365905805,5.801689726,0.054716456,0.472305539,0.268421896,0.36769026,0.349935438,0.451588812
ASV1547_Enorma.burkinafasonensis.RS_GCF_902150035_1.,-2.407568626,-2.511968027,-2.188657735,0.377332865,6.223899137,0.054080565,0.469306139,0.418242577,0.501664096,0.409900704,0.481426957
ASV10247_Exiguobacterium.sp902362975.RS_GCF_902362975_1.,-2.894316335,-2.988124298,-2.695884183,0.274558525,4.545820497,0.053136927,0.4726,0.423843222,0.500437674,0.379117259,0.446501518
ASV8215_CAG.302.sp002375205.GB_GCA_002375205_1.,-2.904492012,-2.981621472,-2.736713654,0.285401934,4.534340621,0.053069322,0.472105579,0.444545489,0.522509089,0.415523171,0.483462967
ASV6169_CAG.115.sp900768705.RS_GCF_900768705_1.,-2.932294485,-3.032271052,-2.720044096,0.287031575,4.583732223,0.052548065,0.470905819,0.413308717,0.489998895,0.349238244,0.415322158
ASV2064_Zag111.sp001899395.GB_GCA_001899395_1.,-2.969284196,-3.081711562,-2.722908721,0.25921789,4.450620975,0.049971477,0.473,0.345023346,0.418923239,0.29032793,0.353772811
ASV816_Family_Sphaerochaetaceae,-2.785760681,-2.856454855,-2.635517237,0.252018475,4.737499015,0.047440862,0.474105179,0.477630676,0.558134181,0.451101766,0.522236034
ASV301_Merdibacter.sp900543035.GB_GCA_900543035_1.,4.991897012,4.93789842,5.151650109,0.274141188,4.955995773,0.047213295,0.4686,0.754169744,0.813301572,0.371421936,0.472552331
ASV853_Blautia.sp000432195.RS_GCF_902363515_1.,-2.031274012,-2.139930949,-1.817175865,0.299076246,6.006315431,0.046534955,0.475304939,0.613080671,0.688305099,0.528645599,0.599429699
ASV6120_Genus_Glutamicibacter,-2.885174256,-2.964320989,-2.729331521,0.266923468,4.57697814,0.045949483,0.473705259,0.463225419,0.541728488,0.420931109,0.490801165
ASV6990_Genus_TM7x,-2.861612115,-2.926331583,-2.733943615,0.2358508,4.445309089,0.045304055,0.4776,0.473383606,0.552268112,0.460752476,0.530388452
ASV226_Ruthenibacterium.sp900546885.GB_GCA_900546885_1.,5.79161031,5.710628677,5.976486804,0.211545448,3.587291375,0.044061333,0.471305739,0.388831727,0.495877379,0.446411752,0.544550041
ASV358_Lachnoclostridium_A.edouardi.RS_GCF_900240245_1.,1.817297518,1.923072105,1.581772822,0.337077555,6.689574069,0.043503141,0.4802,0.485345066,0.576089603,0.570829013,0.650729115
ASV6116_Pseudomonas_A.stutzeri_AE.RS_GCF_000327065_1.,-2.826013791,-2.895615845,-2.678339026,0.222546551,4.561590691,0.042655242,0.478104379,0.46951512,0.548818488,0.443321725,0.513935202
ASV826_Clostridium.cuniculi.RS_GCF_004353185_1.,-1.720284741,-1.794823215,-1.56982339,0.264392956,6.017767934,0.041574702,0.4806,0.497513259,0.580327761,0.504557736,0.578423325
ASV5917_Domibacillus.enclensis.RS_GCF_900156125_1.,-2.912500951,-3.005843667,-2.720777585,0.221979745,4.509153039,0.041553877,0.476704659,0.402059222,0.478844787,0.376197021,0.443111041
ASV366_UBA11452.sp002069785.GB_GCA_002069785_1.,1.479719497,1.20906174,2.130357902,0.29000542,6.370833618,0.039900396,0.480303939,0.470816767,0.559688083,0.374027546,0.465307128
ASV104_CAG.475.sp002449145.GB_GCA_002449145_1.,6.557367556,6.432842532,6.924893341,0.236025138,4.991757981,0.03987915,0.472305539,0.741583433,0.804238038,0.371573161,0.473915556
ASV2193_Mesosutterella.massiliensis.RS_GCF_001182045_1.,-2.86578718,-2.938099498,-2.715202634,0.228528512,4.814656949,0.039814476,0.478904219,0.519419165,0.598645265,0.452442974,0.521896931
ASV134_Genus_Oscillibacter,7.001850884,6.950538132,7.159823099,0.089463543,1.893242438,0.038556032,0.4776,0.601118968,0.689371375,0.477667068,0.572130176
ASV109_Genus_Flavonifractor,8.721036062,8.689194136,8.77896298,0.064266651,1.421333026,0.038530918,0.480703859,0.76106025,0.821796307,0.46749011,0.562643918
ASV2309_Order_RFN20,-2.798256916,-2.90922358,-2.568484373,0.189121715,4.788775636,0.038229187,0.4818,0.412187951,0.490605836,0.339785789,0.407537726
ASV4798_Clostridium_P.perfringens.RS_GCF_000013285_1.,-2.843911464,-2.914208414,-2.696620833,0.202391058,4.732044377,0.03815241,0.4782,0.477203542,0.556682403,0.448216192,0.517485923
ASV5408_Methanomassiliicoccus.luminyensis.RS_GCF_000308215_1.,-2.758945415,-2.835708937,-2.596758423,0.199532824,4.586808947,0.036134605,0.4816,0.445465401,0.524539531,0.418868464,0.489504993
ASV10458_CAG.594.sp900759985.RS_GCF_900759985_1.,-2.916361847,-3.000596436,-2.732474895,0.189244796,4.492883011,0.035913396,0.479904019,0.42106371,0.499219722,0.397044521,0.463331041
ASV5722_UBA9506.sp003506415.GB_GCA_014384785_1.,-2.630841487,-2.69406116,-2.500655651,0.197540357,4.717000884,0.035766367,0.481103779,0.482391182,0.561369783,0.467591806,0.538003422
ASV58_CAG.521.sp000437635.GB_GCA_000437635_1.,5.834714567,4.948620326,7.182290799,0.317608115,8.385085743,0.034804543,0.474105179,0.27643746,0.37938609,0.528889391,0.618345596
ASV5351_Eubacterium_F.sp003491505.RS_GCF_003477605_1.,-2.871174407,-2.944826334,-2.718223093,0.163513557,4.598012456,0.033130487,0.483,0.490774717,0.570537607,0.459519587,0.528989284
ASV9868_UBA3789.sp002369415.GB_GCA_002369415_1.,-2.879705243,-2.951814077,-2.723192804,0.175858886,4.513017563,0.033059684,0.481503699,0.446391869,0.523484522,0.418916078,0.487188555
ASV7980_Genus_Enterococcus_A,-2.82226985,-2.898586665,-2.660779833,0.164613144,4.461947898,0.032492598,0.485302939,0.433159281,0.511048103,0.40500029,0.474192652
ASV4442_D5.sp014385025.GB_GCA_014385025_1.,-2.378008635,-2.446912978,-2.232023666,0.165399661,4.882049731,0.030093754,0.484303139,0.513524159,0.593663996,0.488698614,0.560852927
ASV484_Parasutterella.excrementihominis.RS_GCF_000205025_1.,-1.25429659,-1.290900184,-1.179175663,0.235381672,6.917952593,0.028720015,0.4846,0.646944574,0.719192381,0.639556285,0.705874067
ASV93_Sutterella.wadsworthensis_A.RS_GCF_000297775_1.,0.015768143,-0.0083762,0.068591917,0.21433991,7.207750111,0.028693269,0.48670266,0.565937657,0.64931358,0.652904089,0.718027726
ASV18_UBA9475.sp002161235.RS_GCF_002161235_1.,7.988669449,7.960758875,8.065498723,0.117754166,3.622602785,0.027736227,0.486,0.64223693,0.725521597,0.434188417,0.533838242
ASV7512_Enteroscipio.sp000270285.RS_GCF_000270285_1.,-2.688076711,-2.739822118,-2.578232291,0.136892308,4.543418831,0.026754485,0.485902819,0.506895253,0.585872525,0.495021408,0.565545541
ASV1130_Romboutsia_A.weinsteinii.RS_GCF_002250835_2.,-2.816156599,-2.887387433,-2.671492456,0.145749991,4.840466432,0.024874035,0.4868,0.536382659,0.615360499,0.451080184,0.523279714
ASV7243_Paenochrobactrum.gallinarii.RS_GCF_014205685_1.,-2.898791823,-2.978009864,-2.729155599,0.117551112,4.540110415,0.022641957,0.48810238,0.432824111,0.510986582,0.399460325,0.468650021
ASV754_Genus_UBA2866,-2.201983329,-2.270644153,-2.066861797,0.136407929,5.246860135,0.02261465,0.48970206,0.597284805,0.673380431,0.556579368,0.628230355
ASV2082_992a.sp001940245.RS_GCF_001940245_1.,-2.827781647,-2.88072879,-2.715344648,0.104758454,4.718556988,0.019965401,0.48930214,0.532995719,0.612210817,0.512540111,0.582541586
ASV6178_Saccharimonas.sp010202265.RS_GCF_010202265_1.,-2.861670592,-2.929098795,-2.72027643,0.105143848,4.544026444,0.019948738,0.4896,0.488215869,0.56652873,0.456954188,0.526446379
ASV7415_Marseille.P2935.sp900104565.RS_GCF_900104565_1.,-2.803126226,-2.858281157,-2.691843318,0.106915713,4.501056012,0.01980433,0.4888,0.480539145,0.559309188,0.486968346,0.555992765
ASV1108_Family_Rikenellaceae,-2.444711391,-2.482695151,-2.366515412,0.115065382,5.313112715,0.019549873,0.489,0.57857724,0.656353924,0.551110277,0.622511641
ASV312_Olsenella_E.sp002159625.RS_GCF_002159625_1.,-2.432832266,-2.487685861,-2.313475095,0.114022079,5.911856255,0.018854317,0.491,0.583769665,0.662170363,0.542203914,0.612484913
ASV7350_Rs.D84.sp902801125.GB_GCA_902801125_1.,-2.848020523,-2.919903416,-2.701288174,0.103746715,4.418819367,0.018476077,0.48910218,0.445314664,0.523675474,0.421166966,0.491017685
ASV6717_Family_Enterococcaceae,-2.737537138,-2.78795255,-2.639893487,0.090695873,4.588486221,0.018471984,0.49010198,0.519699778,0.596636691,0.510790573,0.580246005
ASV213_Massiliomicrobiota.sp002160865.RS_GCF_002160865_1.,5.210717653,5.117504323,5.355865074,0.095463434,3.490689199,0.018433361,0.48890222,0.318651696,0.423866734,0.570385765,0.655411311
ASV1389_Zag1.sp001765415.GB_GCA_001765415_1.,-2.507007908,-2.601981557,-2.315673217,0.134467613,5.747434184,0.018360691,0.49030194,0.566761844,0.645137946,0.496647938,0.567852184
ASV2301_Family_Peptostreptococcaceae,-2.820424669,-2.892148701,-2.674503892,0.098457557,4.971417576,0.018332063,0.4906,0.514693614,0.593752204,0.469981422,0.539143886
ASV5111_Slackia_A.piriformis.RS_GCF_000296445_1.,-2.764314564,-2.798262655,-2.694388127,0.09062694,4.623988521,0.017405328,0.49070186,0.516060563,0.59539594,0.520652473,0.590363563
ASV2799_Traorella.massiliensis.RS_GCF_900104665_1.,-2.767982899,-2.81398879,-2.6647594,0.083036467,4.855246179,0.015954641,0.49290142,0.552752242,0.630573566,0.527030287,0.596511326
ASV800_Massilicoli.timonensis.RS_GCF_900199515_1.,0.229564085,0.307000998,0.079662163,0.085998247,6.775202293,0.012597093,0.4945011,0.6793718,0.749581065,0.742526747,0.797580283
ASV4031_WQXH01.sp009784425.GB_GCA_009784425_1.,-2.682750873,-2.711852792,-2.620527049,0.044108973,4.593755177,0.010448685,0.4952,0.510732437,0.591834084,0.51515424,0.587043264
ASV511_AM07.15.sp003477405.GB_GCA_003477405_1.,5.275869023,5.229353676,5.39540873,0.016044393,2.341633255,0.004216592,0.4955009,0.141452533,0.225985991,0.800126696,0.84722184
ASV1522_CAG.873.sp001701165.GB_GCA_001701165_1.,-2.510459501,-2.566925378,-2.395941293,0.022609486,5.131948291,0.004173791,0.4986,0.56413399,0.642841596,0.552934696,0.620293026
ASV535_Parabacteroides_B.pacaensis.RS_GCF_900292045_1.,-2.715900402,-2.770742639,-2.607256244,0.020833218,5.16217667,0.002946475,0.4988,0.512050619,0.592920373,0.525846259,0.596513943
ASV249_Mucispirillum.schaedleri.RS_GCF_000487995_1.,-1.93864023,-1.963667676,-1.887759493,0.013541292,5.792742087,0.001713483,0.4988,0.493435892,0.574497044,0.596537386,0.663241873
ASV128_Family_Acutalibacteraceae,7.872116733,7.856261813,7.917801019,-0.002800112,1.809591442,-0.001087205,0.4992,0.321743429,0.433639216,0.89569367,0.922317842
ASV475_UBA1174.sp902791965.GB_GCA_902791965_1.,-2.021968733,-2.073273235,-1.917629538,-0.007672319,5.729226551,-0.001293602,0.499,0.463288089,0.545510055,0.591123712,0.66048646
ASV1654_Family_Desulfovibrionaceae,-1.950896661,-1.98050624,-1.894405043,-0.017022785,5.303865489,-0.003027297,0.4985003,0.591193783,0.669217604,0.6106701,0.678471635
ASV3579_Genus_14.2,-2.660157248,-2.675344969,-2.62920413,-0.029506092,4.802632101,-0.005903917,0.49610078,0.486702638,0.566731073,0.543678697,0.612791969
ASV1417_Aerococcus.urinaeequi.RS_GCF_001543205_1.,-2.096415282,-2.118748731,-2.050786329,-0.037758445,5.563488721,-0.006195063,0.4976,0.573117711,0.652377362,0.599374135,0.667881549
ASV247_Eubacterium_R.sp900539845.GB_GCA_900539845_1.,3.919155121,3.866638521,4.072646806,-0.085630529,7.356959892,-0.010564435,0.49530094,0.720018045,0.785972329,0.866693327,0.899685706
ASV108_Anaerofilum.sp002160015.RS_GCF_002160015_1.,6.167060827,6.152050775,6.185247302,-0.06884002,4.385485836,-0.010904354,0.4912,0.29017632,0.395285831,0.865942702,0.900088904
ASV2677_UBA9502.sp003480315.RS_GCF_003480315_1.,-2.486257161,-2.509026251,-2.440376874,-0.064542327,5.363891597,-0.011719067,0.4928,0.512604702,0.593674184,0.560270729,0.630144565
ASV118_Anaeromassilibacillus.sp002159845.RS_GCF_002159845_1.,5.695219415,5.700141278,5.683836927,-0.058974807,2.992104477,-0.01326076,0.4904,0.235306221,0.337022562,0.667477067,0.740042939
ASV4467_NSJ.40.sp014384705.GB_GCA_014384705_1.,-1.944691909,-1.913655007,-2.0059119,-0.070622032,4.582186718,-0.013325652,0.49410118,0.546881234,0.624945051,0.569359103,0.637325958
ASV3751_Christensenella.minuta.RS_GCF_003628755_1.,-1.926601814,-1.90553382,-1.966602766,-0.080704071,4.781498808,-0.014628004,0.4922,0.546776021,0.626249552,0.574948105,0.643703666
ASV4970_UBA2730.sp900320505.GB_GCA_900320505_1.,-2.564072267,-2.568325309,-2.554879642,-0.077887399,4.705416242,-0.014956322,0.493,0.521987492,0.601303922,0.542610663,0.611248512
ASV515_Victivallis.sp002998355.RS_GCF_002998355_1.,5.369251658,5.404508238,5.312808153,-0.08136979,3.499644119,-0.018428191,0.4905019,0.694369116,0.764936091,0.84739284,0.885564566
ASV3224_MARSEILLE.P3954.sp900604345.RS_GCF_900604345_1.,-2.120694727,-2.10474477,-2.152314942,-0.104189686,4.921904611,-0.018475836,0.4928,0.513133089,0.593507157,0.528928506,0.599586137
ASV4931_Order_Erysipelotrichales,-2.687181817,-2.694535671,-2.670621377,-0.131287212,4.889266746,-0.022019197,0.4888,0.486068862,0.564510603,0.537651881,0.606330751
ASV3348_Ruminococcus_C.callidus.RS_GCF_000468015_1.,-2.641404576,-2.611410164,-2.69448417,-0.132406041,4.78418636,-0.022499468,0.4885023,0.455884175,0.535849309,0.477216807,0.547627284
ASV1350_UBA71.sp900767505.RS_GCF_900767505_1.,-2.053859493,-2.062409123,-2.033868217,-0.193914518,5.857877461,-0.031622279,0.4838,0.569514224,0.647183122,0.59493848,0.662754195
ASV1343_Lachnospira.pectinoschiza_B.RS_GCF_900103815_1.,-1.575350113,-1.551613137,-1.615486684,-0.204031356,5.692669962,-0.032116065,0.4854,0.414084545,0.498632264,0.475351483,0.549204506
ASV19_Family_Gastranaerophilaceae,8.658016798,8.699713923,8.535968927,-0.153661595,4.174796244,-0.032409543,0.4814,0.318876641,0.429978568,0.495617051,0.590376689
ASV3758_Syntrophomonas_B.zehnderi.RS_GCF_000983115_1.,-1.922510508,-1.856683439,-2.055808173,-0.175591304,4.56792427,-0.033934607,0.4824,0.474379259,0.555011301,0.462554695,0.535831941
ASV870_UBA1829.sp900549045.GB_GCA_900549045_1.,0.088074298,0.159488431,-0.041338316,-0.240303717,6.623939831,-0.034439044,0.485702859,0.581238475,0.661128899,0.61591523,0.685693874
ASV4733_MWCQ01.sp002070105.GB_GCA_002070105_1.,-2.541942208,-2.503791369,-2.621388508,-0.189622682,4.625275452,-0.035990575,0.4808,0.475781934,0.556422605,0.490282985,0.560513754
ASV1646_Thermoanaerosceptrum.fracticalcis.RS_GCF_000746025_2.,-2.624530019,-2.593360636,-2.679778221,-0.21073574,5.000341932,-0.037477402,0.480703859,0.337038905,0.412928139,0.449366027,0.518571946
ASV228_Gemmiger_A.sp002160955.RS_GCF_002160955_1.,4.581340216,4.674577826,4.257012745,-0.250232916,5.369908208,-0.038962104,0.477504499,0.214601292,0.310358723,0.277311008,0.375243498
ASV175_Erysipelatoclostridium.sp002160495.RS_GCF_002160495_1.,5.866691524,5.895480551,5.796087819,-0.235460994,3.950272136,-0.043757901,0.4752,0.036397353,0.077017508,0.309734272,0.410526195
ASV1265_Genus_Enterococcus_B,-1.536970909,-1.484180246,-1.642910517,-0.306651088,5.325775926,-0.050441924,0.477104579,0.414727282,0.498418787,0.434875806,0.509136047
ASV490_Family_Acetivibrionaceae,1.210808668,1.417663573,0.615077758,-0.312327342,5.052281195,-0.057325241,0.473505299,0.428835557,0.521009151,0.382148536,0.472414428
ASV1207_Alistipes_A.ihumii.RS_GCF_000321205_1.,2.890649601,2.979250497,2.677314409,-0.347768981,5.365394284,-0.061810333,0.467,0.250879819,0.345469116,0.259391785,0.35305912
ASV869_Weissella.paramesenteroides.RS_GCF_000160575_1.,-2.136506914,-2.041398197,-2.317174266,-0.387072834,5.32362312,-0.063270682,0.4682,0.113456775,0.166851198,0.234763567,0.301287012
ASV4172_NSJ.53.sp014384795.GB_GCA_014384795_1.,-1.377741017,-1.262493198,-1.590181696,-0.39552307,4.654768877,-0.07168652,0.465106979,0.4008981,0.483584597,0.315724124,0.389213985
ASV218_Turicibacter.sanguinis.RS_GCF_013046825_1.,-1.911003649,-1.776942775,-2.150444638,-0.527247659,6.648425444,-0.073778781,0.462507499,0.091740744,0.148143569,0.186240229,0.250572259
ASV337_UBA1417.sp003531055.GB_GCA_008681155_1.,4.507938065,4.574948991,4.277733041,-0.33063536,3.113576586,-0.078979476,0.4454,0.095971352,0.163878579,0.109257189,0.177140838
ASV243_Genus_Streptococcus,-0.636311634,-0.338761936,-1.122983539,-0.647625864,7.214443258,-0.082886191,0.461107779,0.191849225,0.275461229,0.153386951,0.221013843
ASV3067_Genus_Nitrosomonas,-1.825564517,-1.735351102,-1.994978153,-0.454265876,5.040294242,-0.083024208,0.461907619,0.377023108,0.459578363,0.333591788,0.405416731
ASV210_Class_Bacilli,3.775972962,3.879594017,3.435620634,-0.566001293,6.081271358,-0.083942864,0.455508898,0.140967736,0.22177301,0.144489444,0.221481169
ASV43_Merdimonas.faecis.RS_GCF_001754075_1.,6.879547619,6.966745086,6.729371927,-0.214473307,1.944590762,-0.085777579,0.454109178,0.029696222,0.067180322,0.122292913,0.194360258
ASV6008_CAG.417.sp902791625.GB_GCA_902791625_1.,-2.266571832,-2.122328769,-2.52579987,-0.470902093,4.733288851,-0.089506798,0.456,0.275226972,0.348512922,0.210965454,0.270677106
ASV248_Massilistercora.timonensis.RS_GCF_900312975_1.,4.975442502,5.121051472,4.698596528,-0.462759273,4.07287794,-0.091214457,0.443911218,0.105729522,0.178801941,0.071576329,0.126599285
ASV480_Angelakisella.sp013316495.GB_GCA_013316495_1.,5.408588095,5.48184534,5.226300767,-0.325942635,2.08273383,-0.095737785,0.422715457,0.004639747,0.01360682,0.020029294,0.043717097
ASV120_Schaedlerella.sp004556565.GB_GCA_004556565_1.,3.145172127,3.341101825,2.784237311,-0.662245463,6.335061459,-0.097114743,0.4562,0.322240474,0.42353564,0.172930003,0.255514204
ASV891_UBA4626.sp002406115.GB_GCA_002406115_1.,1.895221999,2.316859121,0.890607249,-0.684083747,6.289870113,-0.097687194,0.4452,0.170274563,0.251187427,0.067941376,0.117692342
ASV781_Family_CAG.552,4.017064103,4.202530929,3.378661264,-0.531486705,4.739759447,-0.099424505,0.4516,0.105465692,0.176935939,0.109259369,0.177433217
ASV1575_Family_Vallitaleaceae,-1.70354523,-1.514709143,-2.030409345,-0.639224747,5.787168183,-0.099435871,0.4542,0.250484411,0.328948611,0.198630591,0.264068706
ASV8_Lactobacillus.crispatus.RS_GCF_002088015_1.,7.782857747,7.967026405,7.194004197,-0.563952975,4.56159374,-0.10308002,0.4426,0.061925735,0.119952806,0.054152952,0.101895229
ASV45_Anaerosacchariphilus.sp002160825.RS_GCF_002160825_1.,7.931184551,8.055039048,7.709696996,-0.220467588,1.939894549,-0.103550437,0.4514,0.08029184,0.148291786,0.166169441,0.248918363
ASV311_CAG.354.sp001915925.GB_GCA_001915925_1.,2.641102696,2.976243882,1.702488136,-0.780589854,6.725415139,-0.106956594,0.451509698,0.079225002,0.138549219,0.070846003,0.1234115
ASV1812_Family_Anaerovoracaceae,0.016967139,0.301907745,-0.604598943,-0.57502047,4.794828633,-0.107169944,0.441711658,0.229744297,0.309680652,0.125498921,0.18612083
ASV825_Emergencia.sp009935805.RS_GCF_009935805_1.,3.449575781,3.604655588,3.059655603,-0.531083345,3.915565403,-0.109579573,0.4242,0.007767482,0.020258852,0.00614866,0.016123306
ASV1069_Clostridium_A.leptum.RS_GCF_000154345_1.,3.768003116,3.890577031,3.260113351,-0.500434132,3.761051448,-0.111013028,0.4348,0.002797439,0.008673701,0.012817977,0.030047284
ASV4070_Family_UBA660,-2.113663693,-1.925397021,-2.473316628,-0.635143237,4.92984545,-0.112035804,0.447,0.228867969,0.303162722,0.150630627,0.204771635
ASV991_CAG.313.sp003539625.GB_GCA_003539625_1.,-0.918969151,-0.631949918,-1.338512232,-0.756174719,6.070994945,-0.112692891,0.4476,0.090767112,0.146913779,0.078892424,0.125897124
ASV35_UBA7182.sp002160135.RS_GCF_002160135_1.,7.415334045,7.593953392,7.108916802,-0.329800251,2.496911399,-0.114763339,0.4438,0.07020574,0.132549967,0.051500254,0.097562989
ASV641_Genus_Anaerotruncus,6.04683477,6.118455849,5.845726512,-0.32604435,1.728960429,-0.116157398,0.411,0.001495766,0.005362324,0.002031839,0.006437084
ASV2975_Order_Eubacteriales,-2.129574761,-1.957793971,-2.434313221,-0.634833521,4.82532662,-0.117921713,0.442511498,0.174538974,0.236411665,0.132630057,0.182378967
ASV373_UMGS268.sp900540175.GB_GCA_900540175_1.,-0.139898043,0.219697309,-0.617706171,-0.904205214,7.233180654,-0.11798055,0.4474,0.09206843,0.15323725,0.094187954,0.149904294
ASV157_Romboutsia.timonensis.RS_GCF_900106845_1.,1.174543895,2.033629519,-0.164250892,-0.984628193,7.64719008,-0.122288221,0.4484,0.204396251,0.294587626,0.116022259,0.181125752
ASV1094_Bifidobacterium.globosum.RS_GCF_000741295_1.,-2.240319007,-2.058271118,-2.566041356,-0.827701643,6.047103095,-0.124002128,0.4354,0.038619817,0.070020898,0.089863393,0.132731646
ASV1497_Rubneribacter.badeniensis.RS_GCF_002899695_1.,-1.968512895,-1.78545596,-2.290487106,-0.763782097,5.585788894,-0.1246149,0.442511498,0.076067193,0.122216551,0.093708739,0.138948149
ASV1415_Dwaynesavagella.sp000283555.RS_GCF_000283555_1.,-0.877881493,-0.610052835,-1.343703573,-0.719302347,5.287345458,-0.12666626,0.442311538,0.207379646,0.284214577,0.113871375,0.168937052
ASV1642_Family_Christensenellaceae,0.494872167,0.832774129,-0.444613346,-0.753487074,4.825391314,-0.132800645,0.429,0.06355743,0.108512661,0.034755842,0.064614557
ASV412_Anaerobutyricum.sp900016875.RS_GCF_900016875_1.,4.191986043,4.295413531,3.868152186,-0.692497456,4.554811651,-0.136742412,0.424315137,0.002219535,0.007191875,0.005533128,0.015003565
ASV2267_Oxalobacter.formigenes_B.RS_GCF_000158475_2.,0.417220293,0.96008195,-0.489840584,-0.840551418,5.510991873,-0.137029619,0.434113178,0.098138985,0.15550364,0.032707889,0.061941495
ASV819_Genus_Pygmaiobacter,2.635298793,2.901828421,1.759326659,-0.805806387,5.279687257,-0.142474953,0.4164,0.032166467,0.065388542,0.008639413,0.021271605
ASV623_CAG.465.sp000433755.GB_GCA_000433755_1.,3.20838575,3.526285343,2.369749088,-0.92868757,5.912212071,-0.145870664,0.424715057,0.050934512,0.096432065,0.01331922,0.030897506
ASV102_CHKCI001.sp900045905.RS_GCF_900045905_1.,4.594163808,4.682233506,4.195804647,-0.774199946,4.757804957,-0.145964252,0.423515297,0.001660458,0.005661957,0.007163694,0.01863087
ASV571_CAG.269.sp900553125.GB_GCA_900553125_1.,-1.173283364,-0.866563768,-1.677212615,-1.02653756,5.998663773,-0.149732389,0.426314737,0.062137931,0.106110567,0.052074759,0.087309541
ASV1878_Anaerofustis.stercorihominis_A.RS_GCF_005844425_1.,-0.756955502,-0.400789781,-1.313819341,-0.878268784,5.020415182,-0.150597848,0.4266,0.079614714,0.128289055,0.018532405,0.036526446
ASV76_Phylum_Firmicutes_A,6.83917048,7.009706896,6.074795578,-0.75657548,3.989220282,-0.150915135,0.419916017,0.001278701,0.004673841,0.002917439,0.008931336
ASV324_Vallitalea.guaymasensis.RS_GCF_003313305_1.,3.615385466,3.918323999,2.7582009,-0.89938282,5.595533566,-0.151752549,0.4114,0.009069382,0.023353024,0.003067987,0.009100919
ASV1152_UBA644.sp002299265.GB_GCA_902373415_1.,2.367493877,2.540335167,1.805248222,-0.746210005,4.294072918,-0.153248959,0.4138,0.007219015,0.018722999,0.006250365,0.0161531
ASV3_Faecalibacterium.sp002160895.RS_GCF_002160895_1.,11.05636399,11.2304305,10.69520308,-0.632434978,2.937294887,-0.155840107,0.387922416,4.61E-05,0.000278545,0.000264948,0.001139836
ASV747_NSJ.38.sp902363445.RS_GCF_902363445_1.,3.214158596,3.377163716,2.584138621,-0.803334886,4.443298669,-0.157619602,0.401719656,0.003371413,0.009874664,0.001564745,0.00512225
ASV1165_S5.A14a.sp900112915.RS_GCF_900112915_1.,2.127061655,2.355515564,1.319502727,-0.81840492,4.70924333,-0.15766318,0.3988,0.010883408,0.025444629,0.001246462,0.004061813
ASV806_UBA1248.sp902784545.GB_GCA_902784545_1.,-0.564661742,-0.138600569,-1.193703005,-1.117666073,5.995637178,-0.161707469,0.422,0.030584765,0.059670409,0.020255379,0.040423784
ASV2441_Family_Eggerthellaceae,-0.966544343,-0.520473116,-1.646377131,-1.024433935,5.577067733,-0.16730998,0.425,0.040326716,0.072483921,0.016749038,0.033230755
ASV40_Order_Christensenellales,9.258186336,9.34746551,9.044040164,-0.370595664,1.867341647,-0.167638241,0.4104,0.003642582,0.011523258,0.003704697,0.010799335
ASV464_BX7.sp014384765.GB_GCA_014384765_1.,1.83757367,2.22884045,0.863820488,-1.052683809,5.556532074,-0.168619709,0.419,0.01994676,0.043552672,0.011700011,0.027165412
ASV6779_CAG.460.sp900751815.RS_GCF_900751815_1.,-1.933785873,-1.629452703,-2.448294127,-0.990241429,4.779789443,-0.176546186,0.410317937,0.038105493,0.06463359,0.015127911,0.028241803
ASV1485_Genus_Aminipila,0.30347493,0.841037756,-0.527274973,-1.030505912,5.264161118,-0.178755035,0.4066,0.049169437,0.087708436,0.009081644,0.020795847
ASV780_CHKCI006.sp900018345.RS_GCF_900018345_1.,2.51934336,2.861708447,1.412855357,-1.102298099,5.588829098,-0.182983369,0.3964,0.00546454,0.01441814,0.000707932,0.002527424
ASV276_Extibacter.hylemonae.RS_GCF_008281175_1.,3.756191228,4.025282475,2.257159015,-1.085070723,5.305136786,-0.187091515,0.411117777,0.003307624,0.009834774,0.001617117,0.005356013
ASV10_Lawsonibacter.sp002160305.RS_GCF_002160305_1.,9.839424056,9.912155604,9.725526999,-0.252875954,1.128225919,-0.188351435,0.403,0.047358825,0.09323688,0.002272812,0.007115058
ASV383_WRAF01.sp009783515.GB_GCA_009783515_1.,3.429676882,3.739149837,2.76497073,-1.152329857,5.275586232,-0.192146752,0.395,0.00331131,0.00989213,0.000418266,0.001668872
ASV516_WQZE01.sp009780875.GB_GCA_009780875_1.,5.975850483,6.21227858,5.510916993,-0.84179791,3.369277032,-0.200732478,0.384523096,0.000242854,0.001110945,4.61E-05,0.000239013
ASV59_Genus_Blautia_A,6.938518574,7.162896567,6.437183024,-0.801336618,3.177479309,-0.204027931,0.3882,3.29E-05,0.000202807,9.03E-05,0.000431765
ASV1894_UBA4871.sp902809935.RS_GCF_902809935_1.,0.256986346,0.694050974,-0.82782051,-1.135083802,4.895224038,-0.205715914,0.396720656,0.01061753,0.023952637,0.002040605,0.005834581
ASV2466_Genus_Hydrogenoanaerobacterium,-0.525133078,-0.05956161,-1.318012877,-1.09601263,4.709939224,-0.207345875,0.390721856,0.0237622,0.046792277,0.003167386,0.008039412
ASV1167_Roseburia.intestinalis.RS_GCF_900537995_1.,-0.509013271,0.061122706,-1.327776603,-1.33671037,5.987765287,-0.210116495,0.4036,0.008266074,0.019847773,0.004652088,0.01162163
ASV36_RUG350.sp900315995.GB_GCA_900315995_1.,5.304400996,5.67035759,4.214176181,-1.546590058,6.635191121,-0.21235514,0.3936,0.000863056,0.003227961,0.000403111,0.001637133
ASV517_Firm.11.sp900540045.GB_GCA_900540045_1.,1.906674458,2.788620408,0.605498889,-1.481463882,6.362448757,-0.214538192,0.3986,0.004589631,0.012607154,0.000817427,0.002846422
ASV2490_Phil1.sp002069725.GB_GCA_002069725_1.,-0.622075467,-0.169567198,-1.472990816,-1.19151181,4.674199528,-0.217026171,0.387122576,0.012107218,0.02559256,0.001836844,0.004853797
ASV399_Anaerostipes.sp001940315.RS_GCF_001940315_1.,4.318736656,4.632789452,3.399080667,-1.276378882,5.10518904,-0.220039012,0.382123576,0.000200746,0.000913559,4.15E-05,0.000216986
ASV2099_WRMH01.sp009777235.GB_GCA_009777235_1.,0.821274742,1.292125384,-0.317794347,-1.163411242,4.603348329,-0.220839396,0.3814,0.003101023,0.008188354,0.00017292,0.000671188
ASV5_Mediterraneibacter.sp002159505.RS_GCF_002159505_1.,10.68929385,10.83794942,10.50949134,-0.402173635,1.67555304,-0.221977988,0.3994,0.001009806,0.00390856,0.001975743,0.006457964
ASV83_Family_Ruminococcaceae,9.093893684,9.192405066,8.786601791,-0.436536033,1.541430259,-0.22445087,0.3816,3.12E-05,0.000181639,4.07E-05,0.000213477
ASV211_UBA10281.sp900767815.RS_GCF_900767815_1.,7.115571978,7.330933066,6.713827529,-0.820052431,2.362722485,-0.239314998,0.334533094,3.17E-05,0.000192725,1.40E-07,1.37E-06
ASV17_Family_Oscillospiraceae,8.733203268,8.893724801,8.209701916,-0.591587634,2.11767248,-0.239711941,0.3864,0.000154222,0.000766835,2.70E-05,0.000151428
ASV325_Family_CAG.138,2.15504045,3.015666851,0.737752869,-1.673428176,6.163898623,-0.240961823,0.387522496,0.004024834,0.011204446,0.000910433,0.003134267
ASV1856_CAG.878.sp000432255.GB_GCA_000432255_1.,0.970905268,1.841883999,-0.458975327,-1.594248305,5.80756845,-0.244384439,0.382723456,0.003298226,0.009111825,0.000495412,0.001758887
ASV788_Formamonas.warabiya.RS_GCF_002777255_1.,4.301875541,4.491966442,3.504842934,-1.088413324,3.788062242,-0.245277275,0.355728855,6.24E-06,4.47E-05,1.68E-06,1.28E-05
ASV155_CAG.180.sp900315985.GB_GCA_900315985_1.,5.422144491,5.977351068,4.363049185,-1.486431586,5.463113626,-0.248628697,0.373525295,7.48E-05,0.000395936,8.71E-06,5.65E-05
ASV50_Acutalibacter.timonensis.RS_GCF_900048895_1.,7.840922979,8.004779251,7.44620577,-0.583728654,1.926970037,-0.252300099,0.3782,0.000106367,0.000540437,2.96E-05,0.000163308
ASV162_Genus_Ruminococcus_D,5.95904463,6.198652623,5.238007593,-1.299861455,4.318989382,-0.257442955,0.338932214,2.37E-06,2.03E-05,1.62E-07,1.57E-06
ASV409_UMGS1375.sp900066615.RS_GCF_902363685_1.,4.975006952,5.285456579,3.984523344,-1.35566017,4.413594385,-0.261506272,0.360927815,5.89E-05,0.000319716,9.84E-06,6.27E-05
ASV105_NSJ.54.sp014385095.GB_GCA_014385095_1.,7.45751619,7.674560108,6.782030084,-0.933107638,2.482808029,-0.262081979,0.328534294,4.43E-07,4.91E-06,2.32E-08,2.95E-07
ASV29_Enterocloster.sp001517625.RS_GCF_001517625_2.,8.421838749,8.601630342,8.087186124,-0.478769126,1.661860822,-0.264014366,0.379524096,0.000162605,0.000805363,5.87E-05,0.000293877
ASV864_Genus_Lacrimispora,0.215902215,0.803025968,-0.859107286,-1.749462689,5.88445413,-0.266031553,0.378324336,0.000843702,0.002755542,0.000424033,0.001455506
ASV1052_UMGS416.sp900542005.GB_GCA_900542005_1.,0.983511423,1.549089102,-0.315377334,-1.510155291,5.251746968,-0.271895414,0.370725855,0.000597044,0.002081471,5.60E-05,0.000260607
ASV348_Bariatricus.comes_A.RS_GCF_013300725_1.,3.304763706,3.756424429,2.317341172,-1.497638918,4.688592338,-0.2719122,0.364327135,6.34E-05,0.000312965,7.66E-06,4.89E-05
ASV1047_CAG.488.sp900539465.GB_GCA_900539465_1.,0.418187837,1.134078021,-0.710279907,-1.683553509,5.504428974,-0.274367347,0.3696,0.00028281,0.0010583,2.92E-05,0.000142294
ASV1305_Eubacterium_G.sp000435815.RS_GCF_003460505_1.,1.180439406,1.807863559,-0.462447697,-1.595102611,5.166205459,-0.282474016,0.361127775,0.000322212,0.001241467,1.83E-05,9.65E-05
ASV51_UBA5446.sp900752445.GB_GCA_900752445_1.,7.782467162,8.002395635,7.35976631,-0.819492619,2.218846871,-0.283204055,0.336800001,6.93E-06,5.10E-05,9.28E-08,9.67E-07
ASV260_UMGS1781.sp900554635.GB_GCA_900554635_1.,8.517131907,8.673535462,8.113634628,-0.71606835,2.051665388,-0.284290948,0.347130574,2.23E-07,2.36E-06,8.81E-08,9.23E-07
ASV1967_HGM11327.sp900759935.RS_GCF_900759935_1.,0.023602941,0.644752003,-1.27167656,-1.455762188,4.572917052,-0.286741063,0.353400001,0.000164131,0.000628214,3.31E-06,1.79E-05
ASV378_Caprobacter.sp004103755.RS_GCF_004103755_1.,4.404974614,4.694877024,3.613642361,-1.215745687,3.40356836,-0.291634811,0.326734654,9.79E-07,8.99E-06,2.19E-08,2.71E-07
ASV91_UMGS1004.sp900761685.RS_GCF_900761685_1.,8.25698698,8.463760108,7.776136283,-0.754392707,2.085313503,-0.295480387,0.330333934,1.51E-06,1.32E-05,5.97E-08,6.67E-07
ASV25_Family_Lachnospiraceae,10.95850101,11.06770021,10.77343972,-0.401741463,1.209566456,-0.296447543,0.359728055,3.49E-07,4.08E-06,9.38E-06,5.93E-05
ASV436_CAG.41.sp010206265.RS_GCF_010206265_1.,5.257361679,5.560725664,4.41116539,-1.108915889,2.81977378,-0.297533382,0.316400001,3.72E-07,3.99E-06,2.38E-10,5.03E-09
ASV1312_UMGS1537.sp900543695.GB_GCA_900543695_1.,-0.264155312,0.484996011,-1.422049928,-1.760863841,5.296953169,-0.300354294,0.360927815,0.000514708,0.001629517,5.08E-05,0.000204303
ASV767_Family_UBA1242,1.457211076,2.363371372,-0.458994538,-2.027434685,6.23995515,-0.30316254,0.3616,8.07E-05,0.000381412,1.25E-05,7.00E-05
ASV1010_OF09.33XD.sp003481995.GB_GCA_014337215_1.,1.832792453,2.216922381,0.229508021,-1.517092551,4.60103778,-0.30604248,0.332000001,2.52E-06,1.80E-05,1.65E-07,1.46E-06
ASV850_Soleaferrea.massiliensis.RS_GCF_000820765_1.,3.144707123,3.556724792,2.037810709,-1.466861473,4.123958943,-0.311261722,0.337732454,1.00E-05,6.48E-05,5.58E-08,5.87E-07
ASV471_Pseudoruminococcus.massiliensis.RS_GCF_900291955_1.,0.781574422,1.928608343,-0.985846223,-2.061831549,6.217607191,-0.314659543,0.365926815,0.00010139,0.000453287,1.49E-05,7.85E-05
ASV205_CAG.492.sp900557045.GB_GCA_900557045_1.,8.954143163,9.179125086,8.378725807,-0.825960442,2.123141644,-0.321076802,0.327000001,1.19E-07,1.50E-06,7.14E-09,1.03E-07
ASV959_Family_CAG.272,1.582350696,2.127532677,0.085718695,-1.817183466,5.020814588,-0.321153557,0.345330934,1.64E-05,8.72E-05,1.57E-07,1.36E-06
ASV720_SFLA01.sp004553575.GB_GCA_004553575_1.,3.803277686,4.199060548,2.54284104,-1.69867406,4.604373205,-0.332311495,0.319600001,1.12E-07,1.38E-06,9.30E-10,1.60E-08
ASV796_Family_Erysipelotrichaceae,3.100716527,3.549860608,1.802851617,-1.72931694,4.4204772,-0.33857752,0.313537293,6.13E-07,5.71E-06,1.22E-09,1.98E-08
ASV672_Family_Borkfalkiaceae,1.030754448,1.855815383,-0.616950818,-2.225742707,5.724877739,-0.35067708,0.336200001,2.93E-05,0.000128828,5.88E-07,4.47E-06
ASV1009_Order_Lachnospirales,2.726128511,3.147868713,1.19204301,-1.869131839,4.594599685,-0.352294338,0.321200001,3.15E-07,3.17E-06,6.52E-10,1.14E-08
ASV508_Order_Oscillospirales,4.92444303,5.233509713,3.791448611,-1.472131124,3.667792873,-0.35305667,0.283600001,2.48E-09,5.30E-08,2.56E-13,1.33E-11
ASV532_Family_CAG.508,5.109435753,5.417746696,3.968151608,-1.664255547,3.957380552,-0.358220431,0.310000001,2.23E-09,5.33E-08,2.97E-10,6.13E-09
ASV150_Dysosmobacter.sp001916835.RS_GCF_014297285_1.,6.704014151,6.939398794,5.819393181,-1.192972402,2.605053861,-0.364543384,0.287200001,3.80E-10,1.16E-08,1.09E-12,4.62E-11
ASV3500_NSJ.63.sp014384805.GB_GCA_014384805_1.,0.072926298,0.751774252,-1.438421254,-1.777165589,4.391031029,-0.369785745,0.322000001,7.21E-06,4.11E-05,2.64E-08,2.47E-07
ASV615_Limosilactobacillus.reuteri_D.RS_GCF_003072625_1.,3.053144543,3.613888487,0.06084613,-2.590673277,6.500896754,-0.373023001,0.338332334,1.31E-06,1.07E-05,2.90E-07,2.54E-06
ASV926_UBA7160.sp003612585.RS_GCF_003612585_1.,2.845999073,3.35442115,1.235225687,-2.100429126,4.952766553,-0.374081712,0.314400001,6.37E-07,5.60E-06,7.07E-09,9.63E-08
ASV1394_Genus_Evtepia,1.650551836,2.288170119,-0.105496565,-1.957583454,4.665514053,-0.375365042,0.311600001,7.65E-07,6.41E-06,1.14E-09,1.73E-08
ASV328_RUG13077.sp902785485.GB_GCA_902785485_1.,5.014185092,5.379147845,4.083290085,-1.4116253,3.23929724,-0.379423069,0.269346132,5.81E-09,1.09E-07,5.96E-15,5.18E-13
ASV1970_Phylum_Firmicutes_B,1.529691601,2.352411191,-0.448182202,-2.313490802,5.246267187,-0.387411847,0.315000001,3.63E-07,3.31E-06,1.40E-09,2.09E-08
ASV676_Class_Clostridia,5.313530746,5.682331344,4.417705296,-1.408084354,3.023426882,-0.387429664,0.283600001,4.09E-10,1.16E-08,5.25E-13,2.47E-11
ASV1919_UBA1191.sp900066305.RS_GCF_902362435_1.,2.410874687,2.883216364,0.620987026,-2.049101156,4.539031317,-0.401171205,0.295000001,3.24E-08,4.40E-07,7.00E-11,1.59E-09
ASV177_Eisenbergiella.sp900066775.RS_GCF_003481005_1.,4.838405712,5.443562758,3.479688705,-2.164636626,4.580206157,-0.418903763,0.296140773,1.16E-10,4.15E-09,7.18E-12,2.48E-10
ASV1500_Monoglobus.pectinilyticus.RS_GCF_002874775_1.,1.641051431,2.362637262,-0.530974553,-2.516350905,4.832800015,-0.474087921,0.277744452,6.94E-09,8.65E-08,2.78E-12,8.79E-11
ASV1986_NSJ.50.sp014385105.GB_GCA_014385105_1.,1.626232509,2.366781103,-0.714834697,-2.727840443,5.04915455,-0.488101104,0.271345732,1.41E-09,2.97E-08,2.29E-12,7.95E-11
ASV156_Prevotellamassilia.sp004558535.GB_GCA_004558535_1.,6.295703589,6.829821878,4.759924828,-2.178823677,3.77451935,-0.503395612,0.245400001,1.46E-12,9.93E-11,1.60E-17,2.88E-15
