"","rab.all","rab.win.PA1","rab.win.PA3","diff.btw","diff.win","effect","overlap","we.ep","we.eBH","wi.ep","wi.eBH"
"ASV1_Phascolarctobacterium_A.sp900545025.GB_GCA_900545025_1.",4.53925941137748,3.44908300434014,9.45041666701777,5.83270514733494,7.28798367240383,0.717619011594782,0.229600001273906,1.34075817539335e-10,6.17137097517707e-10,2.95447950172203e-11,1.45849994554959e-10
"ASV2_Helicobacter_D.pullorum.RS_GCF_008801855_1.",8.35878476238765,8.58628369835582,8.0036472391308,0.0873109209659129,5.13251565392588,0.0148604643845005,0.493101379747046,0.0037617641271629,0.00801101730782314,0.938354842037562,0.956471913406392
"ASV3_Faecalibacterium.sp002160895.RS_GCF_002160895_1.",10.9675417877744,11.3235055650269,9.81689073989656,-1.50806296741654,2.43002469100014,-0.553830355943821,0.259748051430753,1.166838632997e-08,5.38997528643545e-08,1.16821381085397e-09,4.83740601905181e-09
"ASV4_Phocaeicola.dorei.RS_GCF_013009555_1.",10.1177986146102,9.51577350365417,12.3169247585067,2.91895944490698,3.18730089567997,0.816938044442616,0.142800002431755,6.82705285877219e-36,2.65157849430927e-34,6.90353362232893e-20,9.53169209060902e-19
"ASV5_Mediterraneibacter.sp002159505.RS_GCF_002159505_1.",10.6678716823852,10.9312473974884,9.9164656074126,-1.09871294740215,1.55087308023285,-0.67561038154775,0.232753450556735,5.8514433689868e-13,4.48883718729722e-12,1.47710088459776e-11,7.52281210731025e-11
"ASV6_Kingdom_Bacteria",10.4039415484004,10.3488825503404,10.6350371413499,0.457874569034527,1.65225875552,0.240952003653053,0.388000000393055,0.000147179274365438,0.000389304797874584,0.00645970198284287,0.013184617507815
"ASV7_Genus_Campylobacter_D",4.21872737029487,3.77626475104879,6.7260270907566,3.59886638123822,5.63369630992641,0.578520591065804,0.24560000114421,4.56041078654619e-10,1.83586121943464e-09,1.28554282286944e-10,5.92585465309292e-10
"ASV8_Lactobacillus.crispatus.RS_GCF_002088015_1.",8.13420114616049,8.05903252416684,8.79379078381464,0.662293604631519,3.66877340461956,0.14877218554352,0.425914817288986,0.00187645405245697,0.00421817062055412,0.0457276314197012,0.0797697436361739
"ASV9_Alistipes.shahii.RS_GCF_000210575_1.",9.75558195928925,10.1355040539273,8.47031862519554,-1.62174860359194,2.72407054557834,-0.493109206680664,0.276344731985415,1.13621010379278e-06,3.84502394926926e-06,7.48335004655913e-08,2.65108240587344e-07
"ASV10_Lawsonibacter.sp002160305.RS_GCF_002160305_1.",9.79573535687885,10.0045551242256,8.71773544445939,-1.25213187177859,1.03679515641306,-1.13176816758017,0.0981803677075629,3.97753486608897e-16,3.55815850371419e-15,1.49680910108949e-24,3.23660265260683e-23
"ASV12_Prevotella.rara.RS_GCF_001275135_1.",1.53854973963687,0.27452844390636,9.18750005566008,8.43672867986978,6.41761998091346,1.11698892399802,0.15260000223875,3.02487376131525e-20,4.57006464734403e-19,1.95538338806317e-18,2.08731147877677e-17
"ASV14_Genus_Escherichia",5.83497101835369,5.90266871236218,5.56365665325758,-0.356085247905733,4.12212827590771,-0.0737609552975815,0.462507498625931,0.324612854263603,0.42589548964588,0.394418910668008,0.501127285019279
"ASV16_Cloacibacillus.porcorum.RS_GCF_001701045_1.",3.00576410990941,1.86439607755724,8.75474678921645,7.19428311220458,5.49782657990601,1.13934411935035,0.153600002220392,2.86843169115966e-53,2.46656161545184e-51,1.69852244910677e-18,1.862361779943e-17
"ASV17_Family_Oscillospiraceae",8.77322015146973,8.98537731105526,6.84944828454065,-2.20403820558228,2.31855833866449,-0.869446683787181,0.168000001979357,3.8644684920986e-10,1.72712847364125e-09,2.59614963779981e-17,2.39357514299849e-16
"ASV18_UBA9475.sp002161235.RS_GCF_002161235_1.",7.81640059284143,8.05583361179069,6.38450744106266,-1.58320730583957,3.68571195900788,-0.356946601148584,0.319536093472813,0.000122465974229746,0.000327502887357794,3.20582621295093e-06,9.57175045734787e-06
"ASV19_Family_Gastranaerophilaceae",8.43383437424469,8.79352160800229,6.74562327318811,-2.00200947121763,3.87194762374399,-0.435899371235484,0.270400000969838,2.96697534050254e-05,8.62475739862106e-05,1.16598772567626e-08,4.38480950347475e-08
"ASV20_Akkermansia.muciniphila.RS_GCF_000020225_1.",2.36906648216984,2.13411573900826,3.26379392685747,0.750245741809819,8.59448489981083,0.0828575230147845,0.462400000126046,0.248819536845729,0.334933892395223,0.273718576299237,0.370283129148941
"ASV23_Bacteroides.uniformis.RS_GCF_000154205_1.",9.48601426861714,9.1704909605149,11.1091328776932,1.6989822133735,2.57412839933615,0.566024537878021,0.250349931122076,1.62119054169574e-13,1.34823703875962e-12,3.80994924310633e-10,1.6610737896763e-09
"ASV25_Family_Lachnospiraceae",10.9475278310252,11.156242734547,9.34676254102675,-1.80543065185104,1.15464505133973,-1.51540127279842,0.0403919314931051,2.2632058418005e-32,7.38137557310022e-31,8.93053100465169e-32,5.83697965040542e-30
"ASV29_Enterocloster.sp001517625.RS_GCF_001517625_2.",8.36615020470648,8.68855515761151,4.38812999463539,-4.21518563031338,2.20054781486056,-1.85092111000464,0.0274000147783771,2.92993828174332e-16,2.59230237928349e-15,1.37272438311918e-33,1.64588459671326e-31
"ASV35_UBA7182.sp002160135.RS_GCF_002160135_1.",7.21420454669351,7.68562363956494,5.31639406142246,-2.29416168529398,2.67926973999504,-0.77922050470166,0.173365328833204,4.66847517847899e-09,1.76205757810931e-08,1.14982208070927e-16,9.8027449224426e-16
"ASV36_RUG350.sp900315995.GB_GCA_900315995_1.",5.55129251595666,5.76569914403245,4.01958253065972,-1.69002550060336,6.67045258712281,-0.232806167901553,0.381800000417322,0.0070049076090457,0.0141647558593068,0.00421281065653816,0.00886536187015223
"ASV40_Order_Christensenellales",9.24262656900937,9.44164336423411,7.35958590135504,-2.07523973860491,2.12418336724895,-0.923371954008614,0.149370128273543,1.75389668210796e-16,2.3076390908782e-15,4.65958517216617e-19,5.63517136523111e-18
"ASV43_Merdimonas.faecis.RS_GCF_001754075_1.",6.91122857323109,7.05649387136395,6.37775756655445,-0.682956251447891,2.04591917414908,-0.307284010040161,0.360127974910741,0.00044002878881598,0.00108420820207791,0.000418132024358393,0.00100812500765404
"ASV45_Anaerosacchariphilus.sp002160825.RS_GCF_002160825_1.",7.91803503210547,8.14531570946432,7.22516326898963,-0.938366350579005,1.86601280752166,-0.446153393145416,0.294400000824794,1.06317732047846e-07,4.19480611175032e-07,1.83251546903812e-07,6.2377845445544e-07
"ASV46_Order_Bacteroidales",4.71179502114192,4.14761572339949,5.97002348856765,1.95126010922185,4.88262873580878,0.353058858537389,0.327000000655092,5.15693712316968e-05,0.000124927232928951,3.80819666955612e-05,0.000102499293461782
"ASV50_Acutalibacter.timonensis.RS_GCF_900048895_1.",7.76090578098981,8.10218887184225,5.76012964000779,-2.48022753430811,1.81761171304691,-1.29338457194469,0.0609878088251933,1.04963743478117e-11,4.93981014305102e-11,1.14789836329947e-28,3.89422706566267e-27
"ASV51_UBA5446.sp900752445.GB_GCA_900752445_1.",7.82118237122527,8.08882740618091,6.17925000773849,-1.77441305787863,1.8656952769316,-0.871629440974421,0.158368328469806,1.41444611544519e-14,1.08789556285206e-13,3.89157922089973e-18,3.96616841178506e-17
"ASV53_Barnesiella.sp003150885.RS_GCF_902363425_1.",3.12731032190437,2.68066558532182,4.71617614864363,0.466338830187039,7.71594837060336,0.057431734818352,0.472400000092281,0.408636270735499,0.49897175616042,0.355352085253784,0.457904268563738
"ASV58_CAG.521.sp000437635.GB_GCA_000437635_1.",6.26736435682911,5.03218317749141,6.65536426000413,1.71496256916052,5.36160840996948,0.255770383728462,0.421600000267921,3.163220539501e-14,2.96132596337079e-13,0.0346548132400287,0.0622781354665432
"ASV59_Genus_Blautia_A",6.81626228874684,7.24982683995337,5.01161774513158,-2.25866759382302,2.74859548218471,-0.729965960396539,0.188762249243556,9.12699306940792e-09,3.45185753340785e-08,2.20990503830838e-15,1.62892743536982e-14
"ASV67_Coprobacter.fastidiosus.RS_GCF_000473955_1.",5.1759676326573,5.01152587332112,5.73553097811418,0.166903042140626,6.1955889774931,0.0240440386661763,0.490701859659066,0.449315664863761,0.541552801302414,0.738650708668805,0.806730650654061
"ASV76_Phylum_Firmicutes_A",6.72831986726744,7.10300157481283,4.0988950275282,-2.95005881754242,3.93557397262048,-0.661942302034245,0.196160769451551,4.56179866338067e-09,2.0221324959671e-08,6.3140579250824e-15,4.40220206563272e-14
"ASV79_Paraprevotella.sp900760455.GB_GCA_900760455_1.",0.0109982762852692,-0.46710516831124,3.17659274371209,3.29987340529848,7.37053429139739,0.413866837378101,0.31840000069732,0.00034016045514116,0.000780173878006733,1.90482626002614e-05,5.09150172570009e-05
"ASV80_Family_UBA1067",-2.5641227829217,-2.75995486224698,-1.51025095137596,1.61048940616466,6.21842932153197,0.226139044981029,0.372200000455776,0.00441511730473876,0.00838302182488249,0.0111001911042958,0.0189811477247352
"ASV83_Family_Ruminococcaceae",9.06084809674686,9.28565687066759,7.10362328065093,-2.20407647814432,1.47001522221283,-1.41507791584305,0.0533893294967643,4.7285074329863e-29,1.29020728364683e-27,4.53375647220584e-30,2.03183695799111e-28
"ASV85_Parabacteroides.johnsonii.RS_GCF_000156495_1.",7.03007342254437,6.41446264080649,7.82460012797165,1.49389999935908,5.15681645618463,0.293335193791316,0.322600000676492,1.9471229537371e-07,6.33252629670307e-07,2.61100098768595e-06,7.87195130230931e-06
"ASV86_Ligilactobacillus.araffinosus.GB_GCA_001435375_1.",5.62221497433995,5.96878640353684,3.7612370001922,-2.38737645243898,4.00708865548443,-0.514242019979522,0.238352330734666,3.21919482732755e-07,1.17256536511081e-06,4.70649050774659e-11,2.26699822939379e-10
"ASV88_UMGS1872.sp014237695.GB_GCA_014237695_1.",3.85422312403091,3.72730603981605,4.83018531317737,1.31532240739437,4.24837445705652,0.283079573526708,0.36712657516144,0.00322036993159757,0.00651761460334478,0.000796433405673478,0.0018538405366148
"ASV91_UMGS1004.sp900761685.RS_GCF_900761685_1.",8.24705391989787,8.55607502672948,5.62442775954013,-3.07776342893599,2.15850534273723,-1.34492640329473,0.0491901699966949,1.65151458091479e-12,9.63868329666347e-12,4.10189401042245e-30,1.88256478161481e-28
"ASV93_Sutterella.wadsworthensis_A.RS_GCF_000297775_1.",1.03470789671055,0.0720896606212538,5.71507627848794,5.62911815550622,4.96543779423904,0.984772339738215,0.167200001991705,2.61773861919954e-15,1.93415961440179e-14,5.16344643242399e-17,4.50737997018978e-16
"ASV95_Anaerotignum.lactatifermentans.RS_GCF_900142265_1.",7.86290788256723,8.0075722387513,6.68093802090504,-1.34298332978963,1.83635980158751,-0.668481823671715,0.232953410563056,9.29386606098246e-11,5.45865132865611e-10,2.06815160402702e-12,1.15493955035161e-11
"ASV96_Lachnoclostridium_B.sp002160985.RS_GCF_002160985_1.",6.03627586038729,6.31879899276746,4.41126988594587,-1.86425359675366,2.19625446324077,-0.728121461338604,0.174600001881601,1.01291250226239e-07,3.43324965539554e-07,2.08908369408221e-16,1.71905454235663e-15
"ASV98_CAG.196.sp002102975.RS_GCF_900552525_1.",2.5186017123196,2.07186173013144,4.51594519635152,1.3394710487831,7.28024322314621,0.171456422627966,0.418916217034117,0.0343814933382915,0.0578223898522811,0.0313308345102048,0.0558954801568501
"ASV102_CHKCI001.sp900045905.RS_GCF_900045905_1.",4.28707981806336,4.77211819041408,-0.510809082471888,-5.17542470509614,5.17269929350315,-0.905012615884425,0.158200002138826,4.37685914722736e-13,2.93834021290224e-12,2.97453186947447e-18,3.03467989987134e-17
"ASV103_Family_Muribaculaceae",0.967468283071257,0.345258011363209,4.7801859950939,2.11119292606434,8.01743271335868,0.254085415146121,0.39652069622105,0.0170773407895478,0.0306617776799348,0.0123962620429481,0.0237178167873611
"ASV104_CAG.475.sp002449145.GB_GCA_002449145_1.",6.54753925081026,6.52355888522247,6.61132353144611,0.262251484727804,3.81500061915993,0.0554277953170405,0.466706658779694,0.327348424184688,0.421499557107789,0.395340963604885,0.502279462120023
"ASV105_NSJ.54.sp014385095.GB_GCA_014385095_1.",7.48119180870703,7.76595694553584,3.99745809740198,-3.70689388559035,2.47056148753732,-1.39709386047913,0.069386128330531,9.79879108045334e-15,7.40038373628161e-14,3.38184110723884e-28,1.05907687735031e-26
"ASV108_Anaerofilum.sp002160015.RS_GCF_002160015_1.",6.13119092270364,6.24662159600292,5.77194618682645,-0.474451633320975,3.8985032756759,-0.0990435726704307,0.443600000190423,0.248649274816728,0.342220920804728,0.100730103626817,0.160544013219866
"ASV109_Genus_Flavonifractor",8.636413580292,8.77570627668431,7.84663569135853,-1.01626169880417,1.64159977339763,-0.552219895418561,0.250400001108152,3.43472134150636e-05,8.79971120285323e-05,7.5829257008477e-10,3.18220667153832e-09
"ASV110_Mailhella.sp900553065.GB_GCA_900553065_1.",5.97823599654099,4.00192457823945,8.18095842363212,3.83509743534725,4.83906363491355,0.699019335821349,0.224155170287461,6.61137915640601e-35,2.29093052362949e-33,1.07973707940249e-12,6.24402293047202e-12
"ASV112_Family_Megasphaeraceae",-1.72002091942985,-2.37382416379217,8.32870681928202,9.94083761654211,6.15455525201163,1.35451546541558,0.116000003120611,5.42245910551208e-17,5.95985214777168e-16,2.01196673809076e-20,2.29120277400505e-19
"ASV113_Fournierella.sp002161595.RS_GCF_002161595_1.",3.53947166188609,2.89506154482728,6.36860068570789,2.44857848311734,6.4010432164471,0.362690275136557,0.326800000656055,0.000316108587640496,0.00071228713362172,8.30669209613185e-06,2.36102427620847e-05
"ASV118_Anaeromassilibacillus.sp002159845.RS_GCF_002159845_1.",5.3449622277906,5.78564913448891,2.15483579210255,-3.77812243176646,3.95972392307247,-0.917511219650314,0.102379527699373,2.66902897872967e-12,1.57461541904787e-11,2.27011187168097e-24,4.74401746017969e-23
"ASV120_Schaedlerella.sp004556565.GB_GCA_004556565_1.",2.65580234334138,3.43669236215113,-0.993996470865007,-4.14301580324042,6.10411182918151,-0.633290456539725,0.234353130607373,6.59110142934344e-10,3.21378225914726e-09,9.75354458719373e-11,4.35640874897428e-10
"ASV122_Enterococcus_E.cecorum.RS_GCF_000407565_1.",2.28182270716139,2.0535114913051,3.05068885175459,0.618530076232679,6.34695537591973,0.0865426263012279,0.454909018347836,0.25468643394546,0.335922010696069,0.169530547365668,0.248983875474878
"ASV127_Family_CAG.239",2.73317720082491,3.29914263227793,-0.0157055514748299,-2.59288281983336,6.92610192793967,-0.341298529528727,0.345930814404448,0.000590307216339529,0.00139052286438007,0.000248868149012635,0.000603609484650159
"ASV128_Family_Acutalibacteraceae",7.76039395962984,7.95039031832543,6.09713743539844,-1.83643944474287,2.14847198899199,-0.755455314887479,0.180800001795946,1.29507714460056e-07,4.32690171608096e-07,1.84772894012571e-16,1.53481983101541e-15
"ASV129_W0P29.029.sp004558035.GB_GCA_004558035_1.",-1.59235287807861,-1.72897969929033,-0.906249734301206,1.25049557934851,6.15737996140294,0.186574151568813,0.411317736757796,0.0933437802836111,0.135754698333775,0.0588317849184436,0.0907762568912615
"ASV132_Duodenibacillus.sp003472385.RS_GCF_003472385_1.",1.054932501892,-0.163050066009483,5.72853151670517,5.8104995510778,5.15708355833884,0.97552432025085,0.183363329095961,1.21549008515674e-35,3.88405396969776e-34,1.4634315621942e-15,1.10545447661219e-14
"ASV133_Agathobaculum.sp900291975.RS_GCF_900291975_1.",7.4654432143343,7.61505672070554,6.53507303074962,-0.895215170024881,2.34144285476911,-0.331994575979176,0.351929614617983,0.00316375029160798,0.00675931232041834,9.16073826755816e-05,0.000237774786454331
"ASV134_Genus_Oscillibacter",6.89928739504375,7.04224227515522,6.32151831893423,-0.713075956019044,1.55536092172133,-0.376378761359328,0.305538892984976,0.00127855257565177,0.002797670429498,1.32963299534658e-06,4.11723709953949e-06
"ASV135_CAG.831.sp902388455.GB_GCA_902388455_1.",2.59179178659471,1.29758413435789,9.93484257632021,8.68206745373286,4.0134514367774,2.26254819665576,0.00320012977078207,4.30283832809229e-98,1.63507856467507e-95,1.0151095007993e-36,3.85741610303735e-34
"ASV137_UBA1067.sp002449695.GB_GCA_002449695_1.",-1.44192937189289,-1.64574446318747,-0.26256246621616,1.76961628870532,6.96161877465224,0.237059696726075,0.391400000379923,0.0113672931945017,0.0203326429684747,0.0104327345985381,0.0191398329411362
"ASV142_Dialister.sp900765565.GB_GCA_900765565_1.",6.1464647321232,6.84907442003559,0.0101536067980685,-6.51026177113944,4.63854525804887,-1.29296091743815,0.0949810077241159,1.512487318129e-19,2.25559702073508e-18,4.15744515060626e-24,8.2128761401927e-23
"ASV143_Genus_Ruminococcus_E",2.91420256472475,2.38239786999355,4.27647221980244,2.65438182663149,5.25818924675614,0.451163875798015,0.29574085264656,7.15239603773302e-06,1.90739185188943e-05,3.39009470085055e-07,1.11556394654338e-06
"ASV150_Dysosmobacter.sp001916835.RS_GCF_014297285_1.",6.8129674446788,7.03452423428523,5.25086543558215,-1.81115547523418,1.80103759483479,-0.89347407380528,0.129774047921775,3.7206038952073e-07,1.01124450921837e-06,7.7356796393364e-21,1.19514624262704e-19
"ASV155_CAG.180.sp900315985.GB_GCA_900315985_1.",5.42738493860388,6.07074521475655,2.72026391276394,-3.19575115675737,5.54500872806746,-0.51758039254211,0.258548291391113,2.20378981072063e-07,8.19674536879766e-07,5.56465801053415e-10,2.37281613625112e-09
"ASV156_Prevotellamassilia.sp004558535.GB_GCA_004558535_1.",6.51117232514063,6.92639784998983,4.32987301163791,-2.75261188506,3.32529698559061,-0.718852204411092,0.158200002138826,9.90872826990114e-10,4.72445353183384e-09,2.18478315288243e-18,2.32063716345485e-17
"ASV157_Romboutsia.timonensis.RS_GCF_900106845_1.",2.27356644344797,2.13162402661585,2.62429913818818,0.315103375128905,6.69879909935014,0.0423041343060664,0.478304339204599,0.531094243225139,0.611557502543195,0.620223149048653,0.702638281008583
"ASV161_CAG.495.sp001917125.GB_GCA_001917125_1.",6.98012657855521,6.9079264700285,7.38492701992827,0.343476114623307,3.8283123862755,0.0658806327072309,0.458600000138952,0.322470141847118,0.417358301542066,0.252438133946866,0.351396578677963
"ASV162_Genus_Ruminococcus_D",5.94106549984734,6.29439308312329,0.669027064090931,-5.43648324863934,4.82799317254925,-1.04946429091509,0.0970000038341071,1.90506362123825e-14,1.2755148072492e-13,2.08407885344814e-24,4.35869222055018e-23
"ASV171_Fusobacterium_A.necrogenes.RS_GCF_900450765_1.",-1.14566765415441,-1.42582401290313,0.846947528758772,3.02481684127308,7.795341202216,0.37992204655804,0.343531294319204,0.000215119913713181,0.000506220264481541,0.000313786477209756,0.00072548400668729
"ASV175_Erysipelatoclostridium.sp002160495.RS_GCF_002160495_1.",5.62426126298296,5.98190649309789,4.74367269218548,-1.5415647382248,3.81861700518486,-0.333553868300914,0.31200000072985,0.000164695528501573,0.000429456064453617,2.05956912022241e-06,6.28561639319545e-06
"ASV177_Eisenbergiella.sp900066775.RS_GCF_003481005_1.",4.89412839086222,5.53431568969976,1.92206850386288,-4.01582909010175,4.5844711066124,-0.828846478986302,0.142371528134664,8.34908392222746e-13,5.37495301230115e-12,2.93667570741839e-19,3.61605414763407e-18
"ASV178_Family_Bacteroidaceae",-1.36406726845758,-2.16632883309677,7.80324255003978,9.90922584084271,4.36345555524926,2.17728961169131,0.0308000130982092,1.57050923386945e-29,3.99611689824102e-28,1.86516826155356e-32,1.36942134124792e-30
"ASV194_Class_Bacteroidia",3.93769844533681,4.5865641115237,2.97145907041853,-2.19871366828186,5.62031759025783,-0.326312636214077,0.353729254682157,0.00214281664180467,0.00465540797730595,0.000200439880753101,0.000499616718949873
"ASV201_Gemmiger.variabilis.RS_GCF_000157955_1.",4.7684204849536,4.92208906188643,3.95059386345646,-0.88631036711175,3.90713425022064,-0.184683549837062,0.390921816018483,0.131422302830141,0.199659188557038,0.00976354052860178,0.0193134512379265
"ASV205_CAG.492.sp900557045.GB_GCA_900557045_1.",8.96582435200624,9.26538660674069,6.97696288960763,-2.27138542780652,2.01992300427368,-1.06158626183619,0.102800003588769,8.74535595951666e-11,4.13003256387827e-10,2.11003549030528e-24,4.46280500989858e-23
"ASV210_Class_Bacilli",3.33933724455244,3.97121201828298,-1.79584603410505,-5.16978232122234,6.034896606831,-0.790494610270569,0.194961009417399,1.43255230726732e-11,7.53922277500042e-11,2.59832678587052e-14,1.65969155405196e-13
"ASV211_UBA10281.sp900767815.RS_GCF_900767815_1.",7.0660164397474,7.42740810447567,5.13709078352558,-2.49693217872713,2.09617841017465,-1.0721945545324,0.0857828478310155,2.09379290074116e-10,9.21418264846985e-10,1.4091559965463e-25,3.80832581028688e-24
"ASV213_Massiliomicrobiota.sp002160865.RS_GCF_002160865_1.",5.05745538401483,5.20659173674394,4.27785748843129,-0.917347268802414,3.34210073250099,-0.218215386283775,0.36192761497514,0.00577788872902338,0.0118732203018954,0.00056534121274322,0.00134094287963889
"ASV218_Turicibacter.sanguinis.RS_GCF_013046825_1.",-1.29953035208859,-1.6972798239496,1.44568270231205,2.17429308222894,6.71678415057317,0.290548944063314,0.378524295571119,0.0183565174014289,0.0314918720013735,0.00413902414213711,0.00828267410390226
"ASV226_Ruthenibacterium.sp900546885.GB_GCA_900546885_1.",5.55450165922685,5.80537287792663,3.64016474498204,-2.21319338698433,3.65799957690545,-0.523772813554609,0.267546491689962,1.8492548153877e-06,6.13773004942995e-06,2.58054418992772e-09,1.0249531559955e-08
"ASV228_Gemmiger_A.sp002160955.RS_GCF_002160955_1.",4.84422946639288,4.7663824580958,5.27774398088,0.568474328450999,3.92396812141462,0.115627888153301,0.434913017617129,0.0100800823759451,0.0186870918538055,0.0773642357354165,0.127162527540802
"ASV230_UMGS1518.sp900552575.RS_GCF_903645315_1.",-0.8452791286266,-1.72389953450539,4.5774056665491,6.04990826285544,5.35610794729327,0.942206954230729,0.191400001661648,1.41271305888418e-14,1.00687476931866e-13,1.29292309206071e-14,8.4608538535082e-14
"ASV241_UBA7173.sp004102805.RS_GCF_004102805_1.",0.679301358330022,-0.450158564284138,5.60670897816347,5.57127155929548,6.043697851468,0.804935408981323,0.24560000114421,3.47993709762993e-12,1.89065936897725e-11,1.08981293719933e-10,4.93541797772244e-10
"ASV243_Genus_Streptococcus",0.0088685620131681,-0.237153368852333,1.20576605148434,0.593687743492883,6.81278452588529,0.0823753130300193,0.467600000108456,0.490794852109641,0.570509797074259,0.398275589810978,0.491203877560947
"ASV247_Eubacterium_R.sp900539845.GB_GCA_900539845_1.",3.76176503427145,3.96457227690321,2.58304422089315,-1.25473082670178,7.06683296138971,-0.157784964807063,0.421315737121463,0.0843996135759375,0.134967463472808,0.0577773981776615,0.0976227214153796
"ASV248_Massilistercora.timonensis.RS_GCF_900312975_1.",4.99740870451782,5.21142942276085,4.45480707491244,-0.832264117782445,3.29435479237075,-0.183804161019783,0.381723655686403,0.0895031106406739,0.143006136884949,0.00340486594626994,0.00725810338373414
"ASV249_Mucispirillum.schaedleri.RS_GCF_000487995_1.",-0.973958664122136,-1.87539270997376,7.76754661316072,9.49769178723659,4.33356549118737,1.9671415792365,0.0554000070799515,3.7218001599302e-64,7.07142030386739e-62,5.33101225433443e-30,2.343833410481e-28
"ASV260_UMGS1781.sp900554635.GB_GCA_900554635_1.",8.57544182797589,8.76321387961961,7.28416767325229,-1.47699811373542,1.89204512326562,-0.730480754172457,0.19420000162847,4.03160082108483e-12,2.75558699806402e-11,3.64643154073286e-15,2.60771317164986e-14
"ASV261_Genus_Methanocorpusculum",1.16160661739605,1.73911075770991,-0.344617467742138,-1.61224207469689,7.06589287323593,-0.210355277448716,0.401600000341215,0.0199470178116822,0.0357984051023078,0.0159728640144787,0.0294956485365001
"ASV262_UBA1436.sp002432025.GB_GCA_002432025_1.",-0.815354975214767,-1.66393019212138,6.32595258954404,7.22756078493837,5.90646597232859,1.07126990443681,0.146970608224464,4.41681676268304e-15,3.35485359216756e-14,1.12718451630702e-18,1.18111887080235e-17
"ASV276_Extibacter.hylemonae.RS_GCF_008281175_1.",3.53956805127005,4.11941084499443,-0.725516683816493,-4.4217968247915,4.93344655649075,-0.823779380581779,0.160567888520465,1.94878005475243e-12,1.19961936758486e-11,2.23950790841666e-17,1.92144377663236e-16
"ASV281_Odoribacter.massiliensis.RS_GCF_900091655_1.",-1.88645867023671,-2.15876454260594,0.122055111333058,2.69207523154605,7.78150650000338,0.339100439868568,0.362727455003777,0.00308669525725741,0.00611300278758863,0.00230951006716339,0.00466242222754056
"ASV301_Merdibacter.sp900543035.GB_GCA_900543035_1.",4.90308360778102,5.03118370125002,3.97044895747305,-1.20358352120925,5.40771832431059,-0.197494840296792,0.369400000467209,0.00817847148853596,0.0162721542837634,0.00202389826038085,0.00446817557163617
"ASV309_Order_Enterobacterales",-0.957770584595086,-1.86204181023787,6.19991159822273,8.21129410353236,4.52225934357532,1.68225078857954,0.0605878888544628,3.6776801404828e-29,9.31681452184003e-28,4.16876293381313e-29,1.48289033352184e-27
"ASV311_CAG.354.sp001915925.GB_GCA_001915925_1.",2.54937167287248,3.0717878376526,-0.772923525799353,-2.79281809193903,6.77058423446218,-0.381578539646242,0.338732254149024,0.000160690745131173,0.000408751430881946,5.70552253998983e-05,0.000147730940173435
"ASV312_Olsenella_E.sp002159625.RS_GCF_002159625_1.",-1.74305973460828,-2.40244637488185,6.52536887915829,8.7701626281836,5.76998840234034,1.29485636882165,0.1144000031717,8.62400284712451e-17,9.60561818182755e-16,4.91815082716419e-21,7.27039767640046e-20
"ASV324_Vallitalea.guaymasensis.RS_GCF_003313305_1.",3.25498744882996,4.01816038567957,-0.909486355114001,-4.22709521057392,5.28011325662434,-0.756808717832397,0.179364128989124,3.47240409643712e-11,1.82996757207454e-10,1.44136562418792e-15,1.02961159506583e-14
"ASV325_Family_CAG.138",2.98249438882757,3.10953395789736,2.76246009287729,-0.53588320367088,5.20302943190256,-0.0834087562858057,0.455200000150542,0.70742099475421,0.77140233108769,0.258610055779938,0.35490307147161
"ASV328_RUG13077.sp902785485.GB_GCA_902785485_1.",5.26131865385298,5.47003671460358,4.21969015804885,-1.27187078908403,2.35314959117466,-0.398067738866073,0.263200001017572,0.000318483707138047,0.000782125778444817,3.99931884694712e-09,1.55208256179606e-08
"ASV334_Butyricimonas.sp003479425.RS_GCF_003479425_1.",5.17353765829451,5.75183587214831,2.26845644847365,-2.80262189194328,6.88069029663036,-0.39686172832166,0.306338733012718,1.82280713929763e-05,5.46748316142791e-05,7.71275425769932e-07,2.45008194751135e-06
"ASV335_Veillonella_A.magna.RS_GCF_000428745_1.",-1.8725517198285,-1.84500404260725,-1.98982222193102,-0.180740398330276,5.56278049271109,-0.0289302631636421,0.484503099431809,0.562041063233365,0.637542979005614,0.576028748749381,0.651918877583715
"ASV337_UBA1417.sp003531055.GB_GCA_008681155_1.",4.29082185235491,4.66798156764997,1.9608055610806,-2.70401375395778,3.32401419444377,-0.710882683261712,0.157400002152682,4.59905917367369e-09,2.00145964092754e-08,2.16885427213698e-17,1.97705481337265e-16
"ASV348_Bariatricus.comes_A.RS_GCF_013300725_1.",3.17723052318514,3.84739409961052,-0.379842236189232,-4.21301884709945,4.61391825859313,-0.846240440602959,0.153569288362836,1.16864854593483e-11,5.72043242943428e-11,2.45959492754535e-18,2.48027447484994e-17
"ASV356_Spiro.01.sp900769955.RS_GCF_900769955_1.",-2.37264985473944,-2.86435944654958,3.69503585779683,6.32298144946096,6.09678838425131,0.917052917900749,0.172400001913396,1.05893878536834e-10,5.12961257658034e-10,2.91457067930041e-14,1.75997754523153e-13
"ASV358_Lachnoclostridium_A.edouardi.RS_GCF_900240245_1.",1.07281942750675,2.00678468013282,-2.13607136537601,-3.75052249878351,5.94051497921032,-0.584990094654333,0.257600001056252,2.29496109195633e-08,8.98173654469821e-08,8.70873633144014e-09,3.07445586313594e-08
"ASV366_UBA11452.sp002069785.GB_GCA_002069785_1.",2.16008253459694,1.29812644755215,4.07381306064988,2.31319365991012,5.44949744388388,0.393487923702303,0.31080000073606,2.91984812039922e-05,6.6075330945243e-05,2.3982854892936e-06,7.16237306944211e-06
"ASV367_Intestinimonas.timonensis.RS_GCF_900626145_1.",6.32961068229512,6.52970230377668,5.62542729907283,-0.911515741159284,1.65699625448472,-0.507366472412826,0.271400000963376,3.13111391084683e-07,1.13987767806726e-06,9.82296730429817e-09,3.68451967994752e-08
"ASV373_UMGS268.sp900540175.GB_GCA_900540175_1.",0.0580294192121604,0.312045015971067,-0.716207218799943,-0.818662959622761,7.32565520640971,-0.10467568067029,0.451200000164231,0.202033864588213,0.276392232424698,0.202281338832415,0.279157706002429
"ASV374_CAG.312.sp900546565.GB_GCA_900546565_1.",4.20077894484803,3.91917667279783,4.70240589892382,1.15769224098718,4.6907953236451,0.212820163318877,0.380523895643157,9.47687572231212e-06,2.24949361216751e-05,0.00213658939294751,0.00470227791317233
"ASV378_Caprobacter.sp004103755.RS_GCF_004103755_1.",4.47028720823439,4.783775705635,2.7841828907914,-2.21090151471515,3.63580308276468,-0.559127266207115,0.202400001536229,8.2302045318952e-08,2.96629249626721e-07,8.40946219356388e-14,5.27558234282058e-13
"ASV381_Class_Spirochaetia",-2.66105041866139,-2.87735086985616,-1.34519563569123,2.22422105818222,6.59759850533906,0.326286491516984,0.342331534276621,0.000334452236455743,0.000750707835185008,0.00129423956670279,0.00258361774431969
"ASV383_WRAF01.sp009783515.GB_GCA_009783515_1.",3.51441286332003,3.83475096426144,2.48918664585213,-1.68019536537574,4.91429944481404,-0.3130049288136,0.320000000689338,0.000332438807190422,0.000811435123977418,1.12137301002979e-05,3.13233324513612e-05
"ASV399_Anaerostipes.sp001940315.RS_GCF_001940315_1.",4.4024173473305,4.71708462326274,2.67026574957641,-2.44598189863781,5.52004395988646,-0.423577949252951,0.28694261234511,3.06259354052953e-06,1.01190128586305e-05,9.28858972390934e-08,3.23528529676646e-07
"ASV409_UMGS1375.sp900066615.RS_GCF_902363685_1.",5.10248913659368,5.37414428236352,3.87287255183882,-1.4518827769624,4.03819260506877,-0.296219714767312,0.330400000638835,0.000830530373714563,0.00194692440130016,1.67406785333161e-05,4.64581447770376e-05
"ASV412_Anaerobutyricum.sp900016875.RS_GCF_900016875_1.",4.29871726608122,4.39125520045169,4.02345987395766,-0.599667345069981,4.11343719169201,-0.120896509530216,0.426400000250767,0.0789292616699735,0.127473667188862,0.0794496770482743,0.129843242650957
"ASV436_CAG.41.sp010206265.RS_GCF_010206265_1.",5.39442255251823,5.65132342828611,3.84719840733959,-1.89460559602528,3.31149961583048,-0.486462864613784,0.231153770506261,1.22838038076559e-06,4.20424186439422e-06,1.50149087100914e-11,7.59199504455395e-11
"ASV458_CAIPUE01.sp903868125.GB_GCA_903868125_1.",-0.556805825800265,-0.455310040817346,-0.960439325078689,-0.556118414436676,6.9889018850478,-0.073710036168489,0.466106778757725,0.438154821603537,0.521963610115752,0.442883714264893,0.528609025258313
"ASV464_BX7.sp014384765.GB_GCA_014384765_1.",2.19296431809924,2.31599647373741,1.86695084216907,-1.11248721953172,4.89645579724759,-0.196972126113884,0.394800000366909,0.0387210314581298,0.0656972066487453,0.00866280836191366,0.017015918141155
"ASV471_Pseudoruminococcus.massiliensis.RS_GCF_900291955_1.",1.00974457381819,2.01166234461079,-1.81981350519425,-3.35825013264646,5.94094392812237,-0.516031167069183,0.285342932290567,9.45523846100857e-07,3.02706485822873e-06,2.92533461022696e-07,8.83768452606596e-07
"ASV475_UBA1174.sp902791965.GB_GCA_902791965_1.",-1.83340469152227,-1.98800671613673,-0.961994369650455,1.27297004328798,6.39731111861073,0.179289987481295,0.422000000266485,0.126513402570928,0.177475559604476,0.089693877257321,0.13241167185963
"ASV480_Angelakisella.sp013316495.GB_GCA_013316495_1.",5.3201017894591,5.57131945647021,3.83055960378624,-1.80615892818123,1.8635252425655,-0.808159020721901,0.121975607819281,7.77839577230713e-08,2.75676095854722e-07,4.71035293756097e-21,7.39126992960841e-20
"ASV484_Parasutterella.excrementihominis.RS_GCF_000205025_1.",-1.599786684435,-1.20285332988229,-2.87082703644015,-2.11677620510767,5.84811702758808,-0.333751277515763,0.343331334312105,7.33751732493064e-05,0.000174787655987874,0.000817611122446385,0.00162074168459904
"ASV490_Family_Acetivibrionaceae",1.20517537146335,1.51501463160709,-0.677641090096254,-1.72486396511054,4.74197387457683,-0.322787606605765,0.350400000547697,0.0020940448089738,0.00440792813205438,0.000218422795145214,0.000522657293607566
"ASV498_Family_CAG.917",-1.44138580407848,-1.48481692169429,-1.2237492697045,0.186974325165166,6.42268507171969,0.0254650402846459,0.489200000036017,0.613505941161719,0.683708020063302,0.59540711846128,0.670312398986016
"ASV499_Genus_Desulfovibrio",4.25730204424426,4.74777828717342,2.05589619476804,-2.63387000953383,4.47739118005684,-0.499465009597215,0.234553090613714,2.4685359778336e-06,7.94505280287766e-06,3.28568236498179e-11,1.5943499818273e-10
"ASV502_Genus_Treponema_D",-2.66061779405626,-2.6904107703853,-2.51805763822793,0.259177968593554,5.22353667929817,0.0417877734843843,0.477400000075488,0.271496252890002,0.338526625000727,0.446103366355215,0.518283442787548
"ASV507_UBA6984.sp003258725.GB_GCA_003258725_1.",3.27769627938421,3.21137095374108,4.09718838896104,0.497070907118643,6.29371689788686,0.0732954079893383,0.460800000131475,0.502412907643862,0.586566345442758,0.338882054149436,0.441898949472224
"ASV508_Order_Oscillospirales",5.15478723284488,5.32826846935945,3.8795792702228,-1.33864234893634,2.46686216459943,-0.439518933905282,0.261000001032599,0.000119640595479378,0.000308837636916888,2.19083166918389e-09,8.70807360899995e-09
"ASV511_AM07.15.sp003477405.GB_GCA_003477405_1.",5.12445667940117,5.32068901680501,4.08840161441256,-1.26530592583874,1.89185134418543,-0.557181769940319,0.211157769890781,5.91636991472971e-06,1.71329734841616e-05,4.97465676538128e-13,2.89239999153033e-12
"ASV515_Victivallis.sp002998355.RS_GCF_002998355_1.",5.74326953822663,5.49564921927564,6.12191107804358,0.699018026860559,2.62926785862656,0.208473065393459,0.383200000411805,0.00130767309625249,0.00256141934896661,0.00218774442874288,0.00481480699693003
"ASV516_WQZE01.sp009780875.GB_GCA_009780875_1.",5.97190550893257,6.30356217815967,4.38671695558261,-2.17332485779632,3.26306905163224,-0.563006112996159,0.223200001330397,2.73047041984695e-07,9.79649397702141e-07,2.43212994871013e-12,1.35433230588711e-11
"ASV517_Firm.11.sp900540045.GB_GCA_900540045_1.",2.71804375353606,2.88494021443065,2.35099175094823,-0.756569077267166,5.8518452226866,-0.114051618512019,0.444000000189038,0.574614634036688,0.654925259224162,0.210281431312327,0.298245437525651
"ASV526_RC9.sp000434935.GB_GCA_000434935_1.",-1.74268845523951,-2.51612678132054,8.48712217184841,10.6693137570588,4.5306215942779,2.23857687250359,0.027000015003838,2.22872653612233e-27,4.4910634708515e-26,8.75049526784714e-32,5.14126201072123e-30
"ASV532_Family_CAG.508",5.25419469434449,5.50818043146066,4.3044594518483,-1.55870949219653,3.22980451011967,-0.39497406228755,0.267146571676605,9.38773680827061e-06,2.86134698065539e-05,5.39358084144926e-09,2.07479825997771e-08
"ASV535_Parabacteroides_B.pacaensis.RS_GCF_900292045_1.",-2.73307391887026,-2.69070573774655,-2.91020051285228,-0.314740125608417,5.02221570199136,-0.0541268039884692,0.469706058889553,0.232169918026034,0.293622767294418,0.450484897670557,0.523051453785012
"ASV552_Massilioclostridium.coli.RS_GCF_900095865_1.",2.28230043741297,2.84170720282695,0.759528743352375,-2.17029789641899,5.07552573893833,-0.370065482347401,0.317000000704352,0.00019700034255467,0.000482204314999681,5.61866613302601e-06,1.58633497808833e-05
"ASV557_CAG.917.sp000437555.GB_GCA_000437555_1.",-0.536434570396865,-0.493389042792308,-0.730513781681601,-0.581833028401022,6.20764731159059,-0.0853050803027405,0.460200000133513,0.421076423736178,0.504567654121732,0.431027048064653,0.519261184551771
"ASV560_Gallibacterium.anatis.RS_GCF_000379785_1.",-1.75675557546461,-1.62668109291871,-2.2626555365835,-0.794084863030097,5.69984710560069,-0.124443447842829,0.4433113379238,0.163088714665208,0.220858786479723,0.21852344497886,0.284283518708097
"ASV571_CAG.269.sp900553125.GB_GCA_900553125_1.",-1.04560871769843,-0.782070887966007,-2.0296185849205,-1.28440786278879,6.11823487984501,-0.19405013253804,0.410317936721471,0.0454551787409811,0.0720776090710252,0.0374582640344946,0.0610816646925264
"ASV615_Limosilactobacillus.reuteri_D.RS_GCF_003072625_1.",3.92438959904645,3.71251496736883,4.79945017140878,0.943284381115612,5.02016228287432,0.160601424958851,0.396600000360065,0.0476238075400895,0.0772768074558741,0.0100495164197519,0.0198234510480128
"ASV623_CAG.465.sp000433755.GB_GCA_000433755_1.",2.78589226379887,3.61869377731341,-1.96620811555644,-4.96491547042079,5.69431443277296,-0.794100682686879,0.186600001720687,1.22142006027881e-12,7.85871613361473e-12,1.69654416764584e-14,1.0932960074815e-13
"ASV641_Genus_Anaerotruncus",6.01915576920075,6.2136018784745,4.36274553686255,-1.81970116877143,1.56461117064052,-1.03740033491298,0.106400003449761,3.20087913175313e-08,1.1441944163944e-07,3.6615146498347e-23,6.70760629135841e-22
"ASV672_Family_Borkfalkiaceae",1.28700327567803,1.95422546469085,-1.74592451643818,-3.33853894095867,5.42765576611648,-0.555784512770967,0.263200001017572,6.30661209316798e-08,2.39021740914121e-07,6.10602942340699e-09,2.21507996819069e-08
"ASV676_Class_Clostridia",5.44661078895175,5.77324200266358,2.90115644470618,-2.77062105398014,2.91360340877748,-0.850472820534537,0.139200002509249,4.80712137735055e-10,2.03396574013015e-09,2.33072465839877e-20,3.4060375999056e-19
"ASV720_SFLA01.sp004553575.GB_GCA_004553575_1.",4.03342774313349,4.29047890336875,2.21307752243672,-2.13826178129236,4.5026423992367,-0.426048615105193,0.280800000904508,1.11042784953532e-05,3.38099761744479e-05,6.53819372943172e-08,2.30156398610524e-07
"ASV740_Genus_Anaeroglobus",-2.464209142781,-2.77222320835865,-0.126020597855494,4.42434407164794,8.08482001648214,0.552856637579928,0.292000000838428,4.53985960092798e-06,1.33207618315195e-05,1.59540761407601e-05,3.87020806633974e-05
"ASV747_NSJ.38.sp902363445.RS_GCF_902363445_1.",3.16389435457553,3.47358293782666,0.458068900441818,-2.47915118256277,4.36206888230082,-0.541572016484198,0.222155570225581,2.43379465246575e-07,8.79322538517764e-07,8.06124844254819e-12,4.07578486051152e-11
"ASV754_Genus_UBA2866",-2.15295115995433,-2.17733404016138,-2.04313078861515,0.283632920694489,5.57157058362451,0.045528485158531,0.475400000082199,0.587735705681828,0.659309069349525,0.570301092890231,0.644231905842513
"ASV767_Family_UBA1242",1.40330689582315,2.45352155255636,-2.06565316726334,-4.08835378613456,5.62360970741487,-0.666799047543396,0.227400001293003,1.15343393802038e-09,5.20996611473752e-09,1.14094418322412e-10,4.66784680454501e-10
"ASV769_UBA1103.sp013333515.GB_GCA_013333515_2.",-2.77225505305605,-2.9851935295493,-1.51528926008033,2.17859857094574,6.21586862293932,0.323342912619762,0.345130974376022,0.000981036050623536,0.00203780650412107,0.00140828839004267,0.00283026112153733
"ASV780_CHKCI006.sp900018345.RS_GCF_900018345_1.",2.60092783188319,2.95974046689549,0.134527655560365,-2.18165673780979,5.50031154127939,-0.370723282001265,0.318200000698321,0.000115543469076375,0.0002957461252182,2.50520961355816e-06,7.37350048205369e-06
"ASV781_Family_CAG.552",3.85883907978915,4.29830757382439,0.517226334314036,-3.3938696805953,4.93602910688575,-0.615086458684691,0.223155370256484,3.35682516369556e-09,1.54286614398839e-08,1.12633204409884e-12,6.350944674582e-12
"ASV788_Formamonas.warabiya.RS_GCF_002777255_1.",4.22958598129776,4.58270778379205,2.58875737680764,-2.06056053176343,2.85686102312662,-0.596300978236273,0.196960609474406,3.06996489723469e-07,1.01034207815298e-06,9.82912049780292e-15,6.63996640048301e-14
"ASV796_Family_Erysipelotrichaceae",3.33608362057348,3.64046728993437,1.24005833105082,-2.34147302508243,4.42327369824866,-0.476949623706786,0.25740000105766,1.5190763098936e-06,5.00672503699704e-06,8.52520816203412e-10,3.4874486683649e-09
"ASV800_Massilicoli.timonensis.RS_GCF_900199515_1.",-0.655863258830102,0.380329958371244,-2.9006438072714,-3.68723058335237,5.69494456788837,-0.599960539505547,0.255000001074703,2.55817787101892e-09,1.08685677756041e-08,3.05742329275842e-08,1.00404589660551e-07
"ASV806_UBA1248.sp902784545.GB_GCA_902784545_1.",0.417960047282418,-0.0470352433675547,1.80431068530314,1.04420487625309,5.60305796693557,0.176354624976328,0.417116576968634,0.0964757894671765,0.140322553853914,0.0457105570988658,0.0772046796900824
"ASV810_Turicimonas.muris.RS_GCF_002221595_1.",-2.47795403065545,-2.34351829338892,-2.98742548781418,-0.857102678734793,5.08702499870122,-0.153046494285973,0.422915417179716,0.0661840926315321,0.0966754171450617,0.128560316296684,0.174466686226409
"ASV812_UBA4855.sp900540365.GB_GCA_900540365_1.",-2.55723289105326,-2.9852871198941,2.47432130856335,5.42092103039815,6.19933660434669,0.778658282989679,0.20595880973607,1.46694095225507e-08,5.3925041453674e-08,1.84385926642328e-11,7.88402569021567e-11
"ASV816_Family_Sphaerochaetaceae",-2.02775963544974,-2.77994326972722,6.4627268114002,9.24658362910567,3.89127931312499,2.27735168987701,0.0241951777551228,5.3517351386006e-31,1.56367386060555e-29,6.4809247317971e-33,5.20512992127729e-31
"ASV819_Genus_Pygmaiobacter",2.79652253438772,2.99378164684132,2.2047010026253,-0.890805280279509,4.69528483031115,-0.16623743040591,0.393921216126962,0.110115016295852,0.165461317157243,0.00656331665840562,0.0131725050741581
"ASV825_Emergencia.sp009935805.RS_GCF_009935805_1.",3.55579174986776,3.69731475233022,2.77151011666767,-0.821368663457407,3.23457457722538,-0.191968106335307,0.37400000044848,0.0436499896859219,0.0745084608009935,0.00254213054508144,0.00548220857701443
"ASV826_Clostridium.cuniculi.RS_GCF_004353185_1.",-1.60806290947168,-1.70896387925733,-1.074238043012,0.51790931064175,5.97230281130189,0.0846572999366085,0.460107978538091,0.382098109924236,0.45650891705295,0.290203877779901,0.365803839801537
"ASV850_Soleaferrea.massiliensis.RS_GCF_000820765_1.",3.25605673618129,3.64831181723975,1.34318314442829,-2.41223470006434,4.50875934075614,-0.496836208300126,0.259000001046448,1.33655072731224e-06,4.46624873047753e-06,7.86256052954583e-10,3.23220313505281e-09
"ASV853_Blautia.sp000432195.RS_GCF_902363515_1.",-2.23706398868051,-2.06289307144,-2.86011848796876,-1.13165338595512,5.48955602326916,-0.188057686851571,0.409000000313725,0.0208816498228519,0.0346969383564943,0.0637664993279856,0.0946132599189995
"ASV862_Family_Acidaminococcaceae",-2.91264770589839,-2.96068564670162,-2.69558007647924,0.407267904197975,4.82706371842341,0.0732481887508691,0.460600000132153,0.394825228006596,0.465879300782823,0.400498008867403,0.47499558277328
"ASV864_Genus_Lacrimispora",0.00273545657414065,0.890254096863612,-2.72807662430842,-3.83057938110106,5.38950264950522,-0.648120191487182,0.234753050620058,6.35473509267065e-10,2.70222833624721e-09,4.20749591073673e-10,1.6206607027042e-09
"ASV869_Weissella.paramesenteroides.RS_GCF_000160575_1.",-1.85652079120806,-1.96476745123501,-1.37284386131616,0.536469876405434,5.58575828541668,0.082539721509852,0.459308138508815,0.536427336289422,0.610646239671932,0.415648038021497,0.49381221681539
"ASV870_UBA1829.sp900549045.GB_GCA_900549045_1.",1.36796174560783,0.238902227041945,3.70995823315747,2.90827857732523,5.56669161691899,0.476661644031232,0.294400000824794,7.06473434998162e-06,1.71240419126522e-05,2.16844808356033e-07,7.15979706856234e-07
"ASV891_UBA4626.sp002406115.GB_GCA_002406115_1.",0.918221125328976,2.40521628406528,-2.44576063307089,-4.52336876466072,5.61250615182192,-0.709188840147697,0.218956210127194,5.08499100270361e-11,2.61632123996118e-10,3.65557776548234e-11,1.6057693354998e-10
"ASV926_UBA7160.sp003612585.RS_GCF_003612585_1.",3.12457311912408,3.44850796539629,1.68151332136727,-1.88374546372912,4.43334210492602,-0.377009632001006,0.3056000007634,6.93573870921967e-05,0.000186959477544055,8.73426412000544e-07,2.73239157741183e-06
"ASV959_Family_CAG.272",2.25247023936406,2.22280547033589,2.40516950871387,0.0406396413381689,4.57386903505577,0.00650525934496345,0.495800000014001,0.600860874908265,0.677866037511734,0.826725945883603,0.872218276180621
"ASV978_Family_Tannerellaceae",-2.10957938510163,-2.61964885343694,5.2109434911434,6.90399427384189,6.42761876779534,0.940892027904526,0.18356328910136,6.78095643227882e-11,3.45371449253319e-10,4.32267725054348e-13,2.13466640687246e-12
"ASV991_CAG.313.sp003539625.GB_GCA_003539625_1.",-1.07078239805084,-0.554760358457861,-2.56036303545592,-2.27841298310295,5.8245579355182,-0.357264879305806,0.337132574092391,0.000148158606106115,0.000356843621001922,0.000261127684197221,0.000597528637031582
"ASV1004_UMGS1864.sp900555835.GB_GCA_900555835_1.",-2.72837158033384,-2.87467318883028,-1.99927940057335,1.06643109105754,5.18275343670784,0.190453761718612,0.404119176496439,0.0996250518261038,0.138953487103206,0.0670849293199088,0.0970036975982992
"ASV1007_Family_Helicobacteraceae",-1.24840790132602,-1.45159420606219,-0.199831012218946,1.08544905040324,5.83522033099519,0.168709057894935,0.413117376823202,0.0836340057236436,0.123131113479385,0.0567709959283613,0.0894996413009417
"ASV1009_Order_Lachnospirales",2.81789032069596,3.24526124009681,0.153902699102835,-3.17052736245634,4.47520414596003,-0.650095438438007,0.198600001578096,6.8639929785536e-09,2.94266755572046e-08,1.27007414913054e-13,7.73757492564641e-13
"ASV1010_OF09.33XD.sp003481995.GB_GCA_014337215_1.",2.04944502110112,2.31175019851562,0.46721197101396,-1.75555151136316,4.29792525239395,-0.361010350810303,0.309000000745445,0.000118872135946725,0.000306793250419095,2.0397443056706e-06,6.00014169023945e-06
"ASV1011_SCTM01.sp004297485.GB_GCA_004297485_1.",-2.74422205970624,-2.9423878821845,-1.5754508896539,2.15230362472445,7.33983650907766,0.310151110143735,0.361800000498771,0.00037293285653167,0.000815608344916338,0.00319136917236961,0.00546918578501125
"ASV1013_UMGS1477.sp900553845.GB_GCA_900553845_1.",-1.84566335240778,-1.97088059489106,-1.23881037391416,0.65623849848929,6.16833548103937,0.0949762131106298,0.455508898369783,0.373242871689011,0.448443550664134,0.285010400393473,0.360211796822041
"ASV1047_CAG.488.sp900539465.GB_GCA_900539465_1.",0.424077713141697,1.23196232104584,-2.19609979310173,-3.1696061628018,5.51842041006826,-0.508635299625788,0.275544891958431,5.42060576435443e-07,1.75443057896756e-06,7.05823860290065e-08,2.24009397702209e-07
"ASV1052_UMGS416.sp900542005.GB_GCA_900542005_1.",1.35413795625356,1.63804893887182,-0.13486683984197,-1.56152104413178,5.22231460093408,-0.27530112971578,0.361527694960825,0.00506853642943818,0.0100470531186866,0.00102697980813681,0.00228688336860206
"ASV1069_Clostridium_A.leptum.RS_GCF_000154345_1.",3.62770573815907,3.98374692437265,0.877650534813741,-3.03757991980294,3.79519042571049,-0.752637972831482,0.147970408244736,1.82174654892616e-10,9.21269795369732e-10,1.73100543052525e-19,2.11338601117078e-18
"ASV1070_CACZRW01.sp902783675.GB_GCA_902783675_1.",-1.55931918545867,-1.74140065087001,-0.431090620973314,1.5555352337959,6.13685202163851,0.231095559254974,0.39632073621381,0.0440075764754013,0.0690451572182113,0.0251389240604012,0.0425012165257922
"ASV1094_Bifidobacterium.globosum.RS_GCF_000741295_1.",-1.82002392672329,-1.96226764974425,-1.0470799181871,1.06489074352718,7.20768139846616,0.134985545188419,0.436600000214787,0.143958549907041,0.200754875625556,0.128240839495116,0.182520061720097
"ASV1100_UBA4951.sp900542595.GB_GCA_900542595_1.",-2.87386072408215,-2.99557400421718,-2.23191069994448,1.23458114346514,5.75231335251954,0.198620971280784,0.402200000338969,0.0181040271020286,0.0304416990390378,0.0565190073397314,0.0827537358946827
"ASV1108_Family_Rikenellaceae",-2.45450716152564,-2.39112829291971,-2.7225071690102,-0.345010488540696,5.27956402580428,-0.0571441867904884,0.467706458816311,0.377850411085987,0.452078300568443,0.427053778547826,0.501331079991699
"ASV1130_Romboutsia_A.weinsteinii.RS_GCF_002250835_2.",-2.65038855173646,-2.80058118173639,-1.86901035089111,1.20183622657833,5.29594079087741,0.199609137171167,0.404119176496439,0.118480309202951,0.161196964092285,0.0624922435269351,0.0905191072200553
"ASV1152_UBA644.sp002299265.GB_GCA_902373415_1.",2.34926004934531,2.63252635222928,1.00140637307504,-1.54116227715888,3.98668990443343,-0.334731131521749,0.321935613556913,0.000390346463102478,0.000936370806978938,6.55969114705414e-06,1.84983109716598e-05
"ASV1165_S5.A14a.sp900112915.RS_GCF_900112915_1.",2.10761087783336,2.44601350787803,-0.557235276979264,-2.44394785964393,4.88021693515065,-0.458006636470748,0.268146371710008,7.34162995821063e-06,2.20670402340026e-05,2.33591129273764e-08,8.24757525788297e-08
"ASV1167_Roseburia.intestinalis.RS_GCF_900537995_1.",-0.228446196844131,0.145305869850341,-1.25683919447667,-1.27459191773982,5.87222233037677,-0.188239886908348,0.409400000312252,0.031243029224979,0.0524985572627227,0.0284055824277984,0.0487819083828438
"ASV1186_Genus_Brachyspira",-2.67417824601768,-2.94637446079042,-0.458824059916585,4.0055197867605,6.59472487641533,0.541238645265866,0.293800000828186,2.54340089691157e-05,6.41059833147339e-05,1.52223303014829e-05,3.77806178873116e-05
"ASV1207_Alistipes_A.ihumii.RS_GCF_000321205_1.",3.2743925008265,3.06769345236916,3.9662013409433,0.720345428701915,3.81325322668266,0.154002702186842,0.408000000317413,0.00303001604245647,0.00588743819930299,0.0199314986103555,0.037202170220891
"ASV1256_Family_Treponemataceae",-2.88245843533162,-2.9622767622614,-2.49620558204337,0.716795629146863,5.36762867298944,0.121700414929133,0.434600000221794,0.115565579352127,0.157818522001036,0.239171593507235,0.297746588397142
"ASV1259_CAG.462.sp900291465.RS_GCF_900291465_1.",-2.32223149506306,-2.95065697246417,6.63589501356959,8.90417844555663,4.70814017996572,1.68256783700764,0.0832000045535325,8.83241630279976e-18,9.16932657067247e-17,6.58127871438902e-25,1.31578111878558e-23
"ASV1265_Genus_Enterococcus_B",-1.53986968661976,-1.40617072022304,-2.06460002695283,-0.711582771382983,5.41066075293229,-0.118323157724341,0.441711657865359,0.23956661108094,0.307684793973485,0.195001924407775,0.258545819881945
"ASV1303_Genus_RUG410",-2.50299159733807,-2.65281877818138,-1.71528536974924,1.35346271263679,5.99995482647938,0.202562084598876,0.402319536431168,0.032132546671419,0.0509517431351407,0.04072709428471,0.0628328903197568
"ASV1305_Eubacterium_G.sp000435815.RS_GCF_003460505_1.",1.03769860834566,1.909442808196,-2.47820234606517,-4.04649533328086,4.81562336338135,-0.753737460000677,0.193200001640216,1.29493166761448e-10,6.12137135970227e-10,2.00487514966852e-13,1.14040808342354e-12
"ASV1312_UMGS1537.sp900543695.GB_GCA_900543695_1.",-0.0166412849740114,0.568358044932235,-1.87294131258823,-2.33593199398367,5.18957049636476,-0.394802431323573,0.317536493402831,0.000179618359608574,0.000424956877371265,3.12086504394975e-05,7.93188173718696e-05
"ASV1314_CAG.279.sp900550025.GB_GCA_900550025_1.",-2.81828677741176,-3.00576890086269,-1.80627014516826,1.8277616823383,6.75920931649295,0.264600318030814,0.36772645518296,0.00100853974003652,0.00207700799792214,0.00824765318368582,0.0141622485668782
"ASV1343_Lachnospira.pectinoschiza_B.RS_GCF_900103815_1.",-1.75900498393989,-1.45367314288741,-2.76186377239436,-1.60547479374924,5.49263507019981,-0.266968901392635,0.373725255398422,0.00626384142256649,0.0114372882149263,0.00768711636287021,0.0139079363911366
"ASV1350_UBA71.sp900767505.RS_GCF_900767505_1.",-1.56068488108951,-1.96351146813795,2.28366197712027,3.11366616488396,5.97255471037185,0.457749549940623,0.315000000714478,0.000214273413571916,0.00047341160881109,8.31519884830766e-06,2.2564284311394e-05
"ASV1389_Zag1.sp001765415.GB_GCA_001765415_1.",-2.40335328502132,-2.512095326893,-1.86669003554102,0.858342220622657,6.46770816483751,0.121691162951081,0.436912617690112,0.186787855233557,0.247810948951102,0.185200305437417,0.245585927659149
"ASV1394_Genus_Evtepia",2.00896146948858,2.38142973988881,0.270907328787396,-1.96782920920531,4.54124810169785,-0.379215926099626,0.294941012619057,0.000176438601388673,0.000438056400333809,1.13804996850764e-06,3.45194089578968e-06
"ASV1415_Dwaynesavagella.sp000283555.RS_GCF_000283555_1.",-0.566497230853978,-0.529843855220014,-0.760279238792465,0.31134772391583,5.88557362597645,0.049849820990374,0.478304339204599,0.605741235399844,0.67769347101091,0.572601592106646,0.651579848355457
"ASV1417_Aerococcus.urinaeequi.RS_GCF_001543205_1.",-2.01771609503539,-2.03876833162099,-1.92979312746585,-0.0676857991841198,5.46375845953668,-0.0116767848355857,0.494600000018002,0.581753592473776,0.654926019929827,0.609199486505556,0.683449324300576
"ASV1463_Family_UBA932",-1.92184016172551,-2.25080564545325,2.46377914482996,4.39079130884714,6.79451972566637,0.595275302332168,0.2780000009217,6.07145365542243e-06,1.73514615180059e-05,9.55171824477956e-07,2.73382011673022e-06
"ASV1485_Genus_Aminipila",0.718659023136451,0.931573683002656,0.0050201002314223,-0.754526650972091,5.03900037472804,-0.126351125826842,0.436112777660917,0.275358157427068,0.352955076766474,0.117732114615384,0.176581465936864
"ASV1497_Rubneribacter.badeniensis.RS_GCF_002899695_1.",-2.02525362170558,-1.70897563789974,-3.06445979034377,-1.79117673057209,5.25610121315603,-0.304341823141095,0.362127574982298,0.0012363907671221,0.00244518777980472,0.0028810799050499,0.00542256472478783
"ASV1500_Monoglobus.pectinilyticus.RS_GCF_002874775_1.",1.82603316557019,2.45098290803158,-2.34403053585054,-4.53009027374151,4.61423467223849,-0.868877655818151,0.162000002074801,2.48990828464568e-12,1.40442047737331e-11,4.90367010413072e-17,3.94685016020309e-16
"ASV1504_Genus_CAG.485",-2.80546857043154,-3.00761874180021,-1.66804382000944,1.69132153882087,5.83873498187662,0.263912057889708,0.360127974910741,0.00298986213679841,0.00571942571007517,0.00497395771083687,0.00883128516627051
"ASV1522_CAG.873.sp001701165.GB_GCA_001701165_1.",-2.34199674540737,-2.47036976701682,-1.63182630876731,1.43743764577815,6.56542034559119,0.203252217303668,0.400719856373173,0.0226236782166164,0.0383481703535724,0.0500194954374424,0.0763561329317209
"ASV1547_Enorma.burkinafasonensis.RS_GCF_902150035_1.",-2.50798682543636,-2.4213922181029,-2.85732149450265,-0.53238573761531,5.59951435074115,-0.0879511137990032,0.453800000155326,0.207026061794174,0.267529946616455,0.288637787914426,0.35419078315876
"ASV1550_Helicobacter_F.sp002287135.RS_GCF_002287135_1.",-2.63558354950276,-3.0025766163392,2.50034272221078,5.43742934235638,6.37319167744096,0.750398543708416,0.232800001246705,1.7041696448469e-07,5.57189362087052e-07,2.31237490668853e-08,7.10230097842491e-08
"ASV1575_Family_Vallitaleaceae",-1.59695968927923,-1.44256966373728,-2.17673751201159,-1.13813670498581,5.43878517537544,-0.184229171267975,0.416800000285231,0.0881279457592352,0.127724129401621,0.0861073584603041,0.12746747875768
"ASV1642_Family_Christensenellaceae",0.28996778622534,0.921847242047352,-2.25100539006851,-2.93321438125204,4.40469950974752,-0.577198945898211,0.238952210753843,1.9939739499561e-07,7.01883056783209e-07,6.96998823846624e-10,2.67431515839468e-09
"ASV1646_Thermoanaerosceptrum.fracticalcis.RS_GCF_000746025_2.",-2.05551827999766,-2.50832498528563,1.94082161965527,4.05119324820432,5.66956424233152,0.634362124624373,0.24180000117364,6.32647812239482e-06,1.50581274283696e-05,9.21958350856669e-09,3.03238014984021e-08
"ASV1654_Family_Desulfovibrionaceae",-1.4425505532953,-1.88637663805998,2.95313408623161,4.26199682877448,6.04911826648763,0.647403175919239,0.241400001176785,3.37387724636845e-06,9.22549964628116e-06,7.51874498721223e-09,2.55369715399497e-08
"ASV1742_Class_Alphaproteobacteria",-1.75687500099753,-2.10100487868629,1.20762897583307,3.51089389461019,6.59444084183487,0.47464159290005,0.304800000767669,7.55240629382116e-05,0.000184696126020871,1.3366610223007e-05,3.38112703515536e-05
"ASV1748_Family_CAG.826",-2.71251963634469,-2.9446676909677,-1.10780168871948,3.15269454738615,6.35983491943178,0.461813995804084,0.317000000704352,0.000227930465592084,0.000508989781902877,0.000221986088200076,0.000479328598284341
"ASV1812_Family_Anaerovoracaceae",0.376392123938919,0.388206735554224,0.311405470060257,0.432502856318576,5.29720629059459,0.0728635100806946,0.465506898735757,0.402509346902311,0.481244627060377,0.350510610201452,0.441031431906973
"ASV1815_Order_Treponematales",-2.95747998641333,-2.99940533735408,-2.74844463255173,0.345663847301642,5.16540040012867,0.0572226607745265,0.468306338838283,0.165710792866748,0.220953257892809,0.395172694220288,0.463806675550307
"ASV1856_CAG.878.sp000432255.GB_GCA_000432255_1.",2.03045302527329,1.93372916192604,2.34030168051214,0.326055663271157,5.48506104117289,0.0552690871181925,0.470105978904203,0.478300677020943,0.559576043219443,0.455833547545742,0.553912651967214
"ASV1878_Anaerofustis.stercorihominis_A.RS_GCF_005844425_1.",-0.519321169694314,-0.320971971788173,-1.25367528605604,-0.952681377725379,5.04735437864708,-0.171613125935047,0.415116976895902,0.155169927972806,0.213760144324246,0.0720732836950984,0.110473049570313
"ASV1894_UBA4871.sp902809935.RS_GCF_902809935_1.",0.0825274553542901,0.781299809901845,-2.74301377548587,-3.23087071591964,4.57146703009594,-0.6209939826608,0.226354730355861,6.10456950828352e-08,2.17579096667702e-07,2.97719917372724e-10,1.17427635607459e-09
"ASV1919_UBA1191.sp900066305.RS_GCF_902362435_1.",2.81970468094311,2.9769761429926,2.13761381183599,-1.00962977948593,3.92965792027836,-0.214654133564286,0.363200000492897,0.0064783462780974,0.0129163651075399,0.000284524929083299,0.000686718584792761
"ASV1967_HGM11327.sp900759935.RS_GCF_900759935_1.",0.162596801828375,0.737170152871284,-2.23301679140237,-2.66084217459059,4.5497135079021,-0.520380726935651,0.252749451200478,1.72731380505561e-06,5.44362442366805e-06,1.44154310175681e-08,4.91755679105932e-08
"ASV1970_Phylum_Firmicutes_B",2.23929266796762,2.44482049156724,1.26994836796307,-1.29535141161884,5.04246595418981,-0.232683655558749,0.373125375376855,0.0194632386751721,0.035140780772094,0.00227364997525749,0.00488771647129281
"ASV1976_CAAFZY01.sp900767645.RS_GCF_900767645_1.",-2.81085225402794,-2.94769647114688,-2.14026619837053,1.11031392644261,5.17415887008806,0.187082912275541,0.405600000326298,0.0608744147257577,0.089215288359624,0.0670928064560457,0.0959574214005103
"ASV1986_NSJ.50.sp014385105.GB_GCA_014385105_1.",2.19359421612379,2.45787857188317,0.542486385171522,-1.75257937353295,4.73712333315718,-0.333010560636758,0.321535693542888,0.00025760120700327,0.00062621272900014,7.96185295199473e-06,2.23477302001876e-05
"ASV2023_Faecalicoccus.acidiformans.RS_GCF_014202635_1.",-2.53770748211641,-2.95262746597278,1.53117375461727,4.60661703443754,5.58223076632373,0.72631017936314,0.218356330108834,4.9703189938232e-07,1.41295947795146e-06,1.13680494243195e-09,3.93479989680215e-09
"ASV2064_Zag111.sp001899395.GB_GCA_001899395_1.",-2.84664188547907,-2.99006608080902,-2.1152951373673,1.33227336540091,5.31364731419513,0.215747157916697,0.385600000402399,0.0265813368905881,0.0425800272215702,0.0429268605896671,0.0647183905451533
"ASV2082_992a.sp001940245.RS_GCF_001940245_1.",-2.83635789439044,-2.79896431408789,-2.99015213456289,-0.325515239460861,4.73805281646946,-0.0574742684658919,0.472305538984784,0.442763059520652,0.515707342262413,0.465480129516912,0.538469018285855
"ASV2099_WRMH01.sp009777235.GB_GCA_009777235_1.",0.982800358857209,1.382486785108,-0.972866676428035,-1.99202262582288,4.56410686622672,-0.397722599127725,0.294541092605312,0.000118142456456037,0.000291918228100896,1.06794114132038e-06,3.15222226875203e-06
"ASV2193_Mesosutterella.massiliensis.RS_GCF_001182045_1.",-2.8855395988394,-2.84775327073462,-3.03767134698532,-0.261493237829045,4.73540422283903,-0.0476318456766113,0.473705259036067,0.364683384412369,0.433962123934551,0.452042846712922,0.525134065545811
"ASV2215_RUG572.sp902802945.GB_GCA_902802945_1.",-2.56913774004351,-2.6151098337915,-2.35868725349634,0.468750239926196,5.23500654525425,0.0808712948684086,0.459308138508815,0.385163019235785,0.452071190558634,0.413601103932225,0.484998695411032
"ASV2267_Oxalobacter.formigenes_B.RS_GCF_000158475_2.",1.50808509555418,1.04576409484682,2.66869828987474,1.28318016609459,4.92723337168003,0.24199701241862,0.36220000049709,0.00348567350428069,0.00644792566280133,0.000407228395368463,0.000956839362231056
"ASV2291_Class_Gammaproteobacteria",-2.6076704239021,-2.85295059454887,-0.859691443283173,3.05717005189249,6.08367265482637,0.46063943393505,0.315400000712446,0.0002590242334638,0.000567629244578428,0.0001231986668627,0.000273973995495705
"ASV2301_Family_Peptostreptococcaceae",-2.85140607030407,-2.80221780862164,-3.05703221763387,-0.328314678909828,4.67165876095773,-0.0623009745410187,0.469600000101709,0.366372748296798,0.435720869619944,0.420335685921425,0.491884620489143
"ASV2304_Brachybacterium.faecium.RS_GCF_000023405_1.",-2.75857154759106,-2.75534886088245,-2.77133542370819,0.00701489745587658,4.59412813065238,0.00135474940342971,0.499200000002666,0.496225372170899,0.569943290344135,0.529093025435853,0.601569409459435
"ASV2309_Order_RFN20",-2.63835928312159,-2.81602330818144,-1.69065576448408,1.54050078494794,5.68004442926401,0.245261180621237,0.382200000415744,0.0181801497560089,0.0301935051423066,0.0179420549583203,0.0292174770614919
"ASV2356_Sphaerochaeta_A.coccoides.RS_GCF_000208385_1.",-2.80252996828219,-2.99488096437233,-1.77018496272944,1.66602877846956,5.35632777320091,0.289864904583599,0.361000000502141,0.0082836162005951,0.0147546003488094,0.00799957817652313,0.0140101018362085
"ASV2441_Family_Eggerthellaceae",-0.877798708490732,-0.433407902342522,-2.25807697461259,-1.77794173678257,5.49409040102748,-0.287020674115716,0.367800000473788,0.00263919391468914,0.00531260275712075,0.00131563178983572,0.00277972932827189
"ASV2455_Nitratidesulfovibrio.sp011682075.RS_GCF_011682075_1.",-2.9261441571003,-2.90697465495045,-3.00701335829628,-0.0635981832862926,4.56857964860808,-0.0117072861023959,0.492600000024672,0.47030203680199,0.54372722256863,0.510152374110991,0.584278791052062
"ASV2466_Genus_Hydrogenoanaerobacterium",-0.181650814824918,0.0261439541425537,-0.889482808164082,-0.855221205488984,4.5702607242299,-0.16532519254944,0.408400000315937,0.145193857288035,0.199129901442938,0.0411389393866322,0.0676399386218793
"ASV2490_Phil1.sp002069725.GB_GCA_002069725_1.",-0.487209254715038,-0.0765739312832352,-2.06417012211483,-1.89759936396505,4.663062315661,-0.348038936509334,0.331533693894562,0.00242589364780629,0.00475682702604113,0.000265281259507789,0.00059447759029335
"ASV2648_QALA01.sp003343565.GB_GCA_003343565_1.",-2.77538392965441,-2.8894992511177,-2.20100233596404,0.980145436297812,5.14615233098618,0.170064168580711,0.419916017070506,0.155257471086282,0.206021594669596,0.115968576121271,0.158496573396252
"ASV2651_Latilactobacillus.curvatus.RS_GCF_004101845_1.",-2.90555638473266,-2.86372833437275,-3.07831932964104,-0.111191854396709,4.51628165859595,-0.0218607789844227,0.489702059622409,0.433271343615984,0.504171887983568,0.455176648886056,0.528826793507468
"ASV2668_MWEH01.sp002070965.GB_GCA_002070965_1.",-2.84525379148899,-2.87966882447938,-2.68945097222645,0.212077340193874,4.88759723988133,0.0367334243069504,0.481103779307203,0.436707106612529,0.506151936956532,0.465985812192386,0.539247150002612
"ASV2677_UBA9502.sp003480315.RS_GCF_003480315_1.",-2.51726738262607,-2.40527909713083,-2.94475940991142,-0.793716831274319,5.03526844583365,-0.136585690004637,0.425314937267127,0.11908349752734,0.161014445550184,0.184151120647007,0.238168650509544
"ASV2796_Family_Sediminispirochaetaceae",-2.90417322216699,-2.99711281192108,-2.46255447554264,0.610972046521433,5.04560793015937,0.104427847176165,0.444400000187654,0.135491861454394,0.182352242220859,0.187217697474998,0.241695037334678
"ASV2797_Family_Dysgonomonadaceae",-2.73071711706715,-2.72376980653526,-2.76534558374711,-0.0429650973009359,4.80060654224144,-0.00788676343639337,0.496100779857024,0.536238320128414,0.610214700851525,0.54929103999192,0.624806010633499
"ASV2799_Traorella.massiliensis.RS_GCF_900104665_1.",-2.65448546893135,-2.73591711083285,-2.25565150452784,0.597339048784724,4.97706412000987,0.110772442675395,0.445600000183505,0.391675450374522,0.459611026743678,0.326672062063934,0.395117881815288
"ASV2915_Proteus.sp001722135.RS_GCF_001722135_1.",-2.79016245732202,-2.72572759586127,-3.05475704488319,-0.416435860799011,4.62875144347195,-0.08074864449073,0.458800000138272,0.358135155209844,0.426332456778242,0.367872953680679,0.436140697854411
"ASV2975_Order_Eubacteriales",-2.12951783759393,-1.8693868055378,-3.053985919579,-1.38703743816766,4.76222858576091,-0.252153893802275,0.377524495535117,0.0164084108200385,0.0264670069297843,0.00961152697752504,0.0165213665651636
"ASV3030_Chlamydophila.felis.RS_GCF_000009945_1.",-2.83333506399026,-3.00551744653697,-1.90821232527764,1.44406713277891,5.26703693610566,0.255274907503171,0.381523695679194,0.0245361572730695,0.038483047570729,0.0191128779172593,0.030484402903558
"ASV3033_RUG472.sp902765005.GB_GCA_902765005_1.",-2.68414797998803,-2.6887922847157,-2.6622820873141,0.022684523942285,4.93236563328543,0.0044820589577277,0.498300339937677,0.516228297019881,0.587807749568769,0.542588126975775,0.616664496997006
"ASV3039_Family_UBA1829",-2.8357426363104,-2.9339926696666,-2.3609016826999,0.711345897663022,4.79550124983513,0.131590325020401,0.434000000223901,0.275933504829443,0.338845934476287,0.196314943792456,0.250714279373729
"ASV3058_Family_CAG.312",-2.02855314773956,-2.47182924191131,1.75698327464323,3.7550331219162,5.11266771759067,0.653059305668601,0.237400001208749,2.10337446353623e-06,5.86328722030803e-06,7.10119729750638e-10,2.68653633295145e-09
"ASV3067_Genus_Nitrosomonas",-1.7140743848906,-1.64818997165874,-1.95726237368509,-0.62874758316346,4.9011527898458,-0.112389467772408,0.444911017982253,0.322961349933655,0.395273858477524,0.276139196104024,0.348253694459536
"ASV3093_DTU089.sp002069015.GB_GCA_002069015_1.",-2.85248672071807,-2.99186257302871,-2.120161607447,1.27453522172477,5.43472289031924,0.214047883180268,0.397320536250013,0.0288495655039371,0.0452573648886025,0.0434849254706614,0.0645819505459078
"ASV3110_UBA7862.sp002500135.GB_GCA_002500135_1.",-2.71849874327555,-2.90706894857635,-1.70346308849511,1.4796778855067,5.39366496445764,0.245122401636446,0.385522895823455,0.0196981743859669,0.0315722395852746,0.012598842347606,0.0208786304108446
"ASV3126_Succiniclasticum.ruminis.RS_GCF_900112895_1.",-2.66038154059976,-2.69715850863416,-2.4913275531841,0.432027170289758,5.11293775542669,0.0742926389278239,0.464600000118595,0.388245159427512,0.458117674086482,0.433447459055635,0.506488336181445
"ASV3174_Staphylococcus.arlettae.RS_GCF_002902345_1.",-1.92458647246887,-1.77261853262753,-2.50451217740184,-0.988210653465631,5.31564628330215,-0.166324943618624,0.418400000279443,0.10820034166675,0.15100280872268,0.106808815697732,0.151867738937807
"ASV3195_UMGS1071.sp900548305.GB_GCA_900548305_1.",-2.57592566908042,-2.45610167678816,-3.04381440316475,-0.640658540706376,4.7754235501725,-0.115494476332497,0.438712257755816,0.163224455302625,0.213984233603291,0.182522606617053,0.236922093312282
"ASV3224_MARSEILLE.P3954.sp900604345.RS_GCF_900604345_1.",-1.93935069550792,-2.03195808296772,-1.49598096061979,0.465658727111107,4.97812028991775,0.085297241871933,0.461000000130796,0.392540641437061,0.464931475951842,0.345733855460396,0.423025112858468
"ASV3293_Facklamia_A.tabacinasalis.RS_GCF_005864045_1.",-2.68788906871636,-2.63799441565238,-2.88466789549848,-0.249265586375665,4.61061345256662,-0.0474858797685413,0.474600000084885,0.503139358954077,0.577595090281032,0.463042664207159,0.538502116827003
"ASV3317_Lenti.01.sp002347655.GB_GCA_002347655_1.",-2.79876429599638,-2.79107865769477,-2.83205456692857,-0.0343562599800915,4.60779112364085,-0.00574915997250613,0.497100579893684,0.532808947039621,0.605581491950724,0.529776858002529,0.60409812495883
"ASV3348_Ruminococcus_C.callidus.RS_GCF_000468015_1.",-2.37197629406264,-2.51409195146492,-1.58413282818912,1.32764812294523,5.56924815133417,0.216587448114124,0.406318736576252,0.0485779078898272,0.0738240001618697,0.0380360146709202,0.0590544966625592
"ASV3367_Family_Butyricicoccaceae",-2.87480193222741,-2.90945631993973,-2.71865734493371,0.215558806651789,4.96531016634838,0.0385188185791779,0.478000000073476,0.375670992443686,0.444654730587887,0.434152022103057,0.506714867491856
"ASV3380_Family_Paludibacteraceae",-2.79116057410597,-2.8209919702072,-2.66558892157977,0.143047930118229,4.71641322776987,0.0247314082890221,0.486502699505113,0.484125699005323,0.555146988802724,0.490954808366135,0.566745879537617
"ASV3431_UBA2834.sp004561445.GB_GCA_004561445_1.",-2.90894641663381,-2.97870292741177,-2.59799015949952,0.51516186932457,4.77038217916428,0.0892797551290188,0.45430913832589,0.265511247661297,0.328163923440596,0.302260783879768,0.36771904407521
"ASV3500_NSJ.63.sp014384805.GB_GCA_014384805_1.",0.562829062129351,0.837953242915516,-0.960194937821139,-1.50174455114852,4.49163000794237,-0.301657645513941,0.347730454468446,0.00447781306927143,0.0087179080745255,0.000348600216530946,0.000796212810856647
"ASV3513_Genus_Lysinibacillus",-2.81507922578175,-2.91192861365987,-2.34028361047996,0.734667379812065,4.81947180411442,0.135021141412276,0.433713257573349,0.206483753197306,0.260709257292123,0.171127605467046,0.223163480736198
"ASV3579_Genus_14.2",-2.44795534017434,-2.57044797266692,-1.82795191912729,0.834222018547307,5.58042347931328,0.132669924866573,0.425914817288986,0.128385914719,0.177866628146364,0.143063792785149,0.195234076789428
"ASV3581_Bact.08.sp001897515.GB_GCA_001897515_1.",-2.7309351683722,-2.76052854709106,-2.60140840721145,0.256481689951819,4.63995735371873,0.0496897638104578,0.474800000084214,0.507513596151309,0.57748244545688,0.500234215945222,0.572970497941569
"ASV3631_Collinsella.ihuae.RS_GCF_900046475_1.",-2.91899522519099,-2.99485335997375,-2.56494970930682,0.626263857416104,4.95983592582578,0.113890695110709,0.443600000190423,0.226420244811836,0.286014548257604,0.253644378417697,0.317232127440869
"ASV3747_Phylum_Proteobacteria",-2.93820666244965,-2.91524474427346,-3.04388781862705,-0.155670999945992,4.51260576215138,-0.0307086107418238,0.485000000050045,0.511389604430415,0.584684803047572,0.506055282904044,0.579855048653212
"ASV3751_Christensenella.minuta.RS_GCF_003628755_1.",-1.99094560255446,-1.81874105532963,-2.64041554326591,-1.00523422095794,4.7204405211779,-0.177662722882322,0.407318536612544,0.136722936895069,0.184581517692183,0.0834483241899506,0.120352721705072
"ASV3758_Syntrophomonas_B.zehnderi.RS_GCF_000983115_1.",-1.95672693277129,-1.77150993902025,-2.66856869117152,-1.00304832566529,4.51045042911491,-0.190861534515561,0.401719656409417,0.107392760032874,0.146572619802945,0.0572430045147623,0.0846266356227603
"ASV3797_Leuconostoc.lactis.GB_GCA_014651235_1.",-2.92149689749185,-2.9892244206322,-2.62324504719149,0.483915233469111,4.66215045360384,0.0908152366861873,0.455308938362467,0.358131660883604,0.423200143866902,0.349785566031828,0.417817301095351
"ASV3848_CAG.127.sp900319515.GB_GCA_014337155_1.",-2.80245514516653,-2.86412157374806,-2.50763225118388,0.545725797547909,5.1856942776436,0.091586888879033,0.451309738216179,0.301671774071162,0.365640433741306,0.32497348969317,0.391877110746398
"ASV3880_Porphyromonas.loveana.RS_GCF_003096695_1.",-2.83772530561103,-2.86735830379543,-2.70485525595893,0.262328580478538,4.837946952595,0.0496826541903216,0.47550489910201,0.434692446149543,0.504330869829179,0.457396630622503,0.531779161950088
"ASV3974_Genus_Brevibacterium",-2.88638681239962,-2.86840346710981,-2.95671408727317,-0.105681837127231,4.46889564096957,-0.0198105484235183,0.491501699688392,0.517026202407635,0.590048692654975,0.524457098899584,0.598045572575182
"ASV4031_WQXH01.sp009784425.GB_GCA_009784425_1.",-2.71802184716442,-2.63498464275801,-3.05871991330415,-0.531585972645149,4.57898011146398,-0.0988787338841684,0.447710458084574,0.292342337663964,0.359228482831102,0.284497243982543,0.348415394510887
"ASV4053_CAG.145.sp002320005.GB_GCA_002320005_1.",-2.84922945723115,-2.84700941927683,-2.861577397461,0.0225965849990191,4.63776145528546,0.00490640287453379,0.497600000008,0.541501157209677,0.612082208706022,0.526686027183751,0.600924577607601
"ASV4070_Family_UBA660",-1.75876397547787,-1.84091901458334,-1.36718729920905,0.874457655976196,5.59790263468272,0.136639177449269,0.433200000226713,0.175011693255342,0.230631614925872,0.184049908774995,0.245856722852267
"ASV4072_Jeotgalicoccus.aerolatus.RS_GCF_014635205_1.",-2.79251263972592,-2.75305678671605,-2.96655232442361,-0.209271376977656,4.52362575655119,-0.0386187531682555,0.478800000070795,0.505352928255942,0.57842373714027,0.489182994767783,0.563151272273786
"ASV4115_HOT.345.sp013333605.GB_GCA_013333605_2.",-2.66566719417557,-2.65768715063327,-2.69975046586725,-0.0315739476462733,4.59267972108819,-0.00616840722556953,0.496300739864356,0.543437347300447,0.61570359122348,0.553590210359435,0.626938810180029
"ASV4172_NSJ.53.sp014384795.GB_GCA_014384795_1.",-1.46435049144849,-1.18106241334546,-2.49584618883636,-1.41594403724039,4.62160779426214,-0.268968987558808,0.369000000468851,0.0240769022644707,0.038596371128994,0.00677107201782591,0.0123014008332559
"ASV4182_Family_Burkholderiaceae",-2.67518170034296,-2.75249680244695,-2.29564435942185,0.532492105963722,4.98353994163527,0.0927941388833393,0.453109378282001,0.278616286122818,0.341392088380566,0.265592040739034,0.328726451837756
"ASV4318_RF16.sp900321605.GB_GCA_900321605_1.",-2.87128522814891,-2.92386029678943,-2.63752165126809,0.464874303703839,4.90503046221515,0.0821424394376478,0.457000000144401,0.330828992801744,0.39598143284493,0.364522796293247,0.433825974352272
"ASV4442_D5.sp014385025.GB_GCA_014385025_1.",-2.31726713752693,-2.36293373068665,-2.12568900872153,0.150194018252177,4.73259344399511,0.0273078546332372,0.486400000045367,0.508623037908406,0.581873425214284,0.515739011314759,0.591012469392556
"ASV4467_NSJ.40.sp014384705.GB_GCA_014384705_1.",-1.8100178869649,-1.82146819174364,-1.75432947602782,0.014420416750502,4.51275667834387,0.00283893572110897,0.499100179967006,0.554287593815671,0.626675061929416,0.603352159193832,0.675323689072898
"ASV4545_F082.sp001603665.GB_GCA_001603665_1.",-2.76994493169037,-2.77527421814082,-2.74805170770013,0.0241967293745358,4.97151172467138,0.00344216135564996,0.498000000006667,0.506617758287962,0.581085699484886,0.528397096881487,0.605121711566225
"ASV4613_F23.D06.sp902771655.GB_GCA_902771655_1.",-2.67840341519034,-2.72077526083478,-2.48335141532515,0.340905896612982,4.85958699729327,0.0589624632842194,0.47060000009834,0.414620392574552,0.48496433122453,0.43126216899969,0.503639373706145
"ASV4733_MWCQ01.sp002070105.GB_GCA_002070105_1.",-2.45661827130511,-2.42345246154028,-2.60719440122934,-0.203592698950649,4.71246520695911,-0.0368984546940334,0.480000000066773,0.490138374115646,0.564576745346497,0.493424432466798,0.568281561879212
"ASV4741_Pradoshia.eiseniae.RS_GCF_002946355_1.",-2.91363721643359,-2.98464774287017,-2.58049437468391,0.496287395042435,4.69270502044684,0.0956100183591276,0.449310138143058,0.277571489242744,0.339721570459805,0.277084189639368,0.339780341037426
"ASV4798_Clostridium_P.perfringens.RS_GCF_000013285_1.",-2.82753205945571,-2.82735598841225,-2.82819547834486,0.136490206556569,4.84001891605013,0.0246040344543954,0.488400000038687,0.541465280620234,0.612865676720463,0.542395671198293,0.615346666976683
"ASV4908_Ureaplasma.urealyticum.RS_GCF_000169535_1.",-2.88543537211495,-2.8953660607867,-2.83752377154496,0.182527069169515,4.53441238974126,0.0357333295214303,0.480600000064764,0.520782561790696,0.592234732652547,0.517301476427445,0.591013451428015
"ASV4931_Order_Erysipelotrichales",-2.71512426381603,-2.62544250129113,-3.06988794601408,-0.691975153819636,4.78732727954014,-0.127100786327943,0.437512497712011,0.218650657653387,0.275554451415781,0.246986624057953,0.308648608794149
"ASV4970_UBA2730.sp900320505.GB_GCA_900320505_1.",-2.59836840549193,-2.47962321597275,-3.05795564862146,-0.669040900517434,4.63845132091066,-0.128840483825346,0.431113777478521,0.205802452271183,0.26097384398282,0.173097399466669,0.225103906535098
"ASV5006_PeH17.sp000435055.GB_GCA_000435055_1.",-2.91398334361663,-2.92101206339843,-2.87344227781112,0.113688399805458,4.60087625488688,0.0232893652893596,0.489102179600416,0.484201357889599,0.556586051648999,0.503442947422248,0.576471629858134
"ASV5023_Fibrobacter.sp900177705.RS_GCF_900177705_1.",-2.53197774718671,-2.52851133731396,-2.54694775790857,0.0897531027234981,5.06846481233362,0.0153565819438913,0.492000000026674,0.529373196745931,0.602917944711642,0.561234856653441,0.634292308625213
"ASV5101_Genus_UBA1232",-2.933543021535,-2.97136609141875,-2.76292948878926,0.288890816483255,4.70931048628998,0.0518005084575745,0.475104979087355,0.401856517516266,0.470322631897023,0.424707761190779,0.497787671455497
"ASV5111_Slackia_A.piriformis.RS_GCF_000296445_1.",-2.73527499375214,-2.72192953370853,-2.80016311882487,-0.196087794737763,4.69360408164211,-0.0366716639598813,0.480703859292545,0.530720822730613,0.60382855658212,0.535786213535299,0.609076527144642
"ASV5182_Genus_Sphingomonas",-2.91685353272764,-2.89648135806084,-2.99926543183159,-0.152815883374087,4.4542863771162,-0.0275608895077631,0.485800000047372,0.497118764109225,0.569974247819971,0.505290636730184,0.579618293245193
"ASV5250_Genus_Corynebacterium",-2.81206402668685,-2.76647171519462,-3.010230252239,-0.175077979446995,4.55834681016076,-0.0344903344943132,0.483200000056063,0.46814003763768,0.54196712360477,0.459549239492427,0.531811517193158
"ASV5351_Eubacterium_F.sp003491505.RS_GCF_003477605_1.",-2.8882782275131,-2.84193026511844,-3.08376709880029,-0.356874621736254,4.49562681542559,-0.0695633267832922,0.466706658779694,0.4189510070898,0.489028522575411,0.433747803398017,0.50457720036057
"ASV5408_Methanomassiliicoccus.luminyensis.RS_GCF_000308215_1.",-2.80279064112714,-2.741093186293,-3.05170862145298,-0.401092101897636,4.45138448185704,-0.0752378650831395,0.462600000125368,0.406009479662465,0.476364037621094,0.392461950406803,0.462672861997242
"ASV5552_UBA9732.sp902781545.GB_GCA_902781545_1.",-2.93174487253846,-3.00229042219624,-2.60140659176938,0.526643868456191,4.74827262882742,0.0958412983767355,0.448400000173852,0.310889373204829,0.374352062834926,0.33777737055889,0.40441494409865
"ASV5592_Class_Negativicutes",-2.93298352171873,-2.99497994218103,-2.62267374293571,0.531908660024143,4.89326938826567,0.0978115584837898,0.44820000017454,0.236448830915582,0.293933718449753,0.301391678345562,0.365969486043649
"ASV5605_2011.GWC2.44.17.sp001029695.GB_GCA_001029695_1.",-2.9341716031637,-2.9727912157207,-2.75127597419719,0.306465873539417,4.60539059647765,0.0562615891108108,0.471000000096993,0.422488185935249,0.490153316161956,0.422391485355174,0.493316757015513
"ASV5722_UBA9506.sp003506415.GB_GCA_014384785_1.",-2.6092035175306,-2.61049629081205,-2.60271608601863,-0.0174504048348236,4.76342601360638,-0.00233396838224208,0.498900219959673,0.5402536199246,0.612586586057673,0.551788453150698,0.626299662873541
"ASV5815_Syner.03.sp002839185.GB_GCA_002839185_1.",-2.90634141382172,-2.9028643098705,-2.92251684071186,0.0106295886487926,4.47496950601965,0.00217730581906326,0.499000000003333,0.506558789386072,0.580236058956005,0.5086994759389,0.584958480192464
"ASV5917_Domibacillus.enclensis.RS_GCF_900156125_1.",-2.84967524546469,-2.90050509996628,-2.61828632624902,0.293360533292676,4.55782640577446,0.0633159499054642,0.471200000096319,0.393776492971731,0.460064453007247,0.385140676263353,0.457023205975402
"ASV5941_Massilibacteroides.vaginae.RS_GCF_900178525_1.",-2.9321225070469,-2.95144949316335,-2.85416227762265,0.0509677658191343,4.45627616131886,0.00954612418130454,0.49380000002067,0.502809726165909,0.574353781197338,0.505938627940114,0.582010576193945
"ASV6008_CAG.417.sp902791625.GB_GCA_902791625_1.",-2.19283571377568,-2.0412687984017,-2.78286588136574,-0.740030489348969,4.79863502444566,-0.139753230867108,0.433800000224604,0.220133149055626,0.279253837185345,0.157992365727676,0.209840663722007
"ASV6047_Cellulosilyticum.lentocellum.RS_GCF_000178835_2.",-2.94691401521158,-2.94408738927072,-2.95816392900274,0.0394342964374852,4.4417384741239,0.00699326929006361,0.496100779857024,0.505123870593451,0.577857914941272,0.511753078837637,0.585801973022636
"ASV6051_Genus_Enterococcus_D",-2.93259479727279,-2.90122595507624,-3.06642453488063,-0.181885173308271,4.41289128012302,-0.032447337977763,0.483800000054057,0.472656544129229,0.545670705495512,0.482817228623844,0.555203502830356
"ASV6073_Family_Rhodocyclaceae",-2.94801746169541,-2.94869118666794,-2.94422255743046,-0.0343800701560184,4.51475747309281,-0.00667651892630081,0.496400000012001,0.514458927337218,0.587552202760721,0.524308272667776,0.598726826639213
"ASV6085_CACXMZ01.sp902768975.GB_GCA_902768975_1.",-2.92181908469496,-2.97519396200097,-2.68469986085473,0.356326141509975,4.54278940966264,0.0671759035189765,0.463107378647894,0.405451520584458,0.474405581928586,0.407990481188826,0.480117760535419
"ASV6116_Pseudomonas_A.stutzeri_AE.RS_GCF_000327065_1.",-2.86139579770449,-2.80850569702597,-3.08203831711482,-0.365218025185994,4.58236892952164,-0.069245107059245,0.46360000012198,0.421799390839777,0.494239355525656,0.410037574493688,0.482627068844881
"ASV6120_Genus_Glutamicibacter",-2.87230004935066,-2.87343862172947,-2.8674678467148,-0.063222609510035,4.6131341717215,-0.0119363047428973,0.492701459732382,0.529146355472193,0.601351553753035,0.521824901452504,0.596200825033712
"ASV6169_CAG.115.sp900768705.RS_GCF_900768705_1.",-2.93913896384981,-2.95092596825807,-2.89159095342259,0.0519878234870079,4.47493046559919,0.0112532644602803,0.494400000018669,0.51397524117306,0.588641832968653,0.518650903836981,0.59412392747591
"ASV6178_Saccharimonas.sp010202265.RS_GCF_010202265_1.",-2.85766699883627,-2.8416114190597,-2.9307911466636,-0.0844657068705521,4.52732638423094,-0.0178212853253504,0.490200000032679,0.501961804039255,0.574546326911876,0.505864250735287,0.580938607877537
"ASV6267_Pyramidobacter.sp002007215.RS_GCF_002007215_1.",-2.9205670046072,-2.91130186612367,-2.96060032340394,-0.068331548867512,4.56490596540276,-0.0131208268337278,0.492901419739715,0.507978933142052,0.582397135298181,0.517279122864215,0.590968128956431
"ASV6284_Succinivibrio.dextrinosolvens_B.RS_GCF_900116345_1.",-2.92550506007805,-2.94708242335673,-2.82051084899779,0.319886066936678,4.66022410754898,0.0576255885339802,0.468600000105081,0.452509900038879,0.521393292100409,0.486577853940581,0.559929794684088
"ASV6556_Genus_Snodgrassella",-2.92481137672255,-2.93390720979066,-2.88327269537648,0.0889219265882968,4.51328702474251,0.0161857253234685,0.490600000031345,0.513592736045511,0.585887255126349,0.514154885991461,0.587846348583217
"ASV6717_Family_Enterococcaceae",-2.71540410285254,-2.68695795581125,-2.82674753673118,-0.167184671454053,4.57169212002923,-0.0314538131372601,0.482000000060077,0.501855165305276,0.574895003132295,0.513852539144154,0.5860680879967
"ASV6757_Pelistega.sp009833965.RS_GCF_009833965_1.",-2.95850318559743,-2.94321248550864,-3.02862830743956,-0.10411406133785,4.36573029032521,-0.0224155249932591,0.488400000038687,0.503932758063319,0.577248649753121,0.499972194470276,0.574357490411228
"ASV6777_Endomicrobium.sp009778965.GB_GCA_009778965_1.",-2.92749657693613,-2.93803658111917,-2.88121497630725,0.0963753115342474,4.50808653667694,0.0186657391988548,0.491901619703056,0.502380569684108,0.573502059915666,0.512407122216054,0.585577318651989
"ASV6779_CAG.460.sp900751815.RS_GCF_900751815_1.",-1.8527621076073,-1.54426812356114,-2.90666721419884,-1.49324376844409,4.77000127280676,-0.280607747821902,0.371800000457403,0.0142994834390984,0.0240967182509444,0.00550694619760704,0.0100942073585095
"ASV6798_Order_Planctomycetales",-2.97039140319836,-2.95285799926382,-3.04697422524097,-0.0696974125292318,4.45190455456317,-0.0140044018640079,0.492901419739715,0.489603821199902,0.562682898110971,0.498719689737478,0.57224564305075
"ASV6822_Chryseomicrobium.excrementi.RS_GCF_002798305_1.",-2.95502570999943,-2.97309605510337,-2.88179462623724,0.139125932628755,4.50829026295288,0.0287183038795669,0.485902819483122,0.493503238774049,0.564696930331447,0.50492568650873,0.578310891579112
"ASV6866_Saccharofermentans.sp003149065.RS_GCF_003149065_1.",-2.95912052498965,-2.94583764581956,-3.01910286729134,-0.187583976052,4.4362833814613,-0.0343217826340921,0.483400000055395,0.513100574559814,0.586305711042986,0.519737049448472,0.593599016851255
"ASV6873_Enterococcus.faecalis.RS_GCF_000392875_1.",-2.86876277934897,-2.86737408783692,-2.87410421656114,0.0268755611426403,4.41403320594088,0.00496762231967757,0.497200000009334,0.513440590543341,0.587146843477642,0.52790021217447,0.602703925159698
"ASV6965_Family_Victivallaceae",-2.98403971757324,-2.9920414049177,-2.94513060807556,0.032559966511255,4.51146236818237,0.00684206399472537,0.49570085984236,0.490747985520121,0.562382627562714,0.506979084432141,0.580657164068106
"ASV6990_Genus_TM7x",-2.87746668902685,-2.83606941103723,-3.05096980363019,-0.254170622451233,4.43822373441619,-0.0500630009782565,0.476504699138647,0.457652495767368,0.530734637066977,0.456829943774492,0.528286190663453
"ASV7079_Lactiplantibacillus.plantarum.RS_GCF_014131735_1.",-2.9920337260216,-3.00247909238566,-2.94482894377765,0.0181510872279409,4.32776800468355,0.00308289360492278,0.498400000005334,0.503214431045117,0.576374892022245,0.516271818713,0.590102753551708
"ASV7172_Methylobacterium.sp008000895.RS_GCF_008000895_1.",-2.93026113796336,-2.89337398773727,-3.08471521331092,-0.282210924379391,4.4617481710477,-0.0522311589962785,0.471200000096319,0.459061437153096,0.5327994176632,0.460135419995344,0.534541226548664
"ASV7243_Paenochrobactrum.gallinarii.RS_GCF_014205685_1.",-2.91984436913931,-2.88625451793305,-3.06366717826011,-0.228813747612842,4.37259143541971,-0.0462924632288688,0.477000000076829,0.460614958874625,0.534010681907831,0.468127195143658,0.540467421508678
"ASV7333_UBA945.sp900197595.RS_GCF_900197595_1.",-2.97130477934883,-3.00240934597386,-2.82958931095907,0.224691129190907,4.57059090751962,0.0428968548924351,0.476304739131319,0.467282905032477,0.538139260637495,0.467553487744321,0.540182229943719
"ASV7350_Rs.D84.sp902801125.GB_GCA_902801125_1.",-2.87456506892868,-2.83805451440445,-3.02473367101669,-0.160285102344647,4.47704606675545,-0.0304669252980523,0.484000000053388,0.482340400879581,0.556763505218487,0.480375767826364,0.552386171668146
"ASV7402_Genus_Marinitoga",-2.93330228208923,-2.94512686569252,-2.87994724723263,0.0276263869740507,4.44912895828764,0.00533318823341177,0.496600000011333,0.506670869702546,0.578873835771603,0.504098887568003,0.580006378168741
"ASV7415_Marseille.P2935.sp900104565.RS_GCF_900104565_1.",-2.82634634159597,-2.76646820060683,-3.08462145869014,-0.316459860331286,4.488894705987,-0.0614028028421651,0.466800000111157,0.421315635246099,0.49105399846078,0.394497519350058,0.463874433840205
"ASV7512_Enteroscipio.sp000270285.RS_GCF_000270285_1.",-2.73503171246198,-2.65072688705615,-3.0852782154583,-0.491059244424131,4.48198871643176,-0.090488009392751,0.452509498260059,0.350802126195149,0.41880185577758,0.307793967039066,0.372899892001599
"ASV7513_Staphylococcus_A.lentus.RS_GCF_002902755_1.",-2.75297710863583,-2.73428086282707,-2.8313877290205,-0.155204970667804,4.49170876138831,-0.0278995822233692,0.483400000055395,0.493190265405153,0.566133390785692,0.494563573643953,0.568686542302443
"ASV7579_UBA1711.sp902762805.GB_GCA_902762805_1.",-2.89708671533827,-2.88126666446702,-2.9613894837658,-0.0311056769045965,4.51461134266157,-0.00751088903781576,0.496100779857024,0.523077738228303,0.594925499347104,0.518288026887413,0.593095051816
"ASV7686_XBB1006.sp900115795.RS_GCF_900115795_1.",-2.95969861995823,-2.93014483951736,-3.08114821771526,-0.20877689280431,4.39835308315941,-0.0438506142471822,0.477504499175287,0.494797512220666,0.567921020301971,0.482307834436203,0.555876453921691
"ASV7735_Genus_Kocuria",-2.934414337532,-2.94138654059325,-2.90420625396094,0.0961588617103617,4.53756988815016,0.0193720057427847,0.490400000032012,0.511239009827414,0.583742740464615,0.511462764912461,0.586051298189726
"ASV7781_SDRW01.sp007845485.RS_GCF_007845485_1.",-2.9535799500011,-3.00259858224065,-2.72871931167028,0.246440245593685,4.4226433529308,0.0507567495912835,0.47250549899211,0.450772128843093,0.520402361449621,0.428258520458022,0.500295464512357
"ASV7980_Genus_Enterococcus_A",-2.82451135079952,-2.80963473642952,-2.89319136373168,-0.069707715612271,4.50520147779312,-0.0135103397608219,0.493101379747046,0.509463328254903,0.58407713702262,0.512100744918778,0.587250483460387
"ASV8005_Class_Planctomycetes",-2.86760332411251,-2.88310335500835,-2.80071682414123,0.159173869193745,4.61489255763929,0.0303559869323394,0.48530293946113,0.481473919006717,0.551939037548998,0.503467303501091,0.577341541106841
"ASV8048_Jeotgalibaca.arthritidis.RS_GCF_011100465_1.",-2.95771117243993,-2.94995062723788,-2.98715166939028,-0.12197586709074,4.40320456133757,-0.0221046633720403,0.487400000042027,0.4993340292872,0.572395526217148,0.510882263681155,0.586183235517083
"ASV8124_SFGY01.sp004556455.GB_GCA_004556455_1.",-2.8849745595493,-2.93018522081784,-2.68165923654634,0.170028382219315,4.51617437067858,0.0304013482781512,0.485200000049376,0.467390577734572,0.538790740139944,0.464101515612354,0.538573478710054
"ASV8164_CSBR16.202.sp007116995.GB_GCA_007116995_1.",-2.97681782241965,-2.97810164710527,-2.97100865081593,-0.00443965666558732,4.44657398004632,-0.000794868890244709,0.499100179967006,0.519857418824839,0.593151447764928,0.518952267631753,0.593772404453032
"ASV8183_Rothia.terrae.RS_GCF_012396615_1.",-2.963053362672,-2.96518420365442,-2.95347675950779,0.0330593866155366,4.34509046052995,0.00755205276636301,0.495900819849692,0.506926467902944,0.580101586377072,0.510986177926179,0.585905750433587
"ASV8215_CAG.302.sp002375205.GB_GCA_002375205_1.",-2.91531954743747,-2.8948362832269,-3.00821839167922,-0.0948957890674214,4.49953000178135,-0.0183010666928085,0.490600000031345,0.496970270414747,0.570006283918238,0.503085548115657,0.575815176884373
"ASV8286_Family_Enterobacteriaceae",-2.87047846231354,-2.84684243758293,-2.9751635867489,-0.0830324675067748,4.43908421725651,-0.0168262374587612,0.491200000029342,0.494390255715711,0.568526794425726,0.502988090648575,0.577680277885532
"ASV8383_Genus_Acinetobacter",-2.90364767611553,-2.89490588771534,-2.94575532179749,-0.0731340768143651,4.41747888231008,-0.0135728199626681,0.49350129976171,0.515599137869267,0.587252172406568,0.520273724451567,0.59324393561298
"ASV8438_RQZE01.sp003858585.RS_GCF_003858585_1.",-2.92263139917593,-2.89916325187138,-3.02322426140132,-0.180963571930691,4.57490863825414,-0.03352454786091,0.481503699321862,0.510913952714357,0.582933710089513,0.502408779839933,0.576681488257133
"ASV8567_UBA4372.sp902791675.GB_GCA_902791675_1.",-2.9775068553711,-3.00083980886119,-2.87251507272231,0.150094274814838,4.38803706384055,0.0313519647763772,0.48530293946113,0.501251387210664,0.57236310774763,0.490635923107087,0.563672838369129
"ASV8992_Paracoccus.sp004335005.RS_GCF_004335005_1.",-2.85938752413734,-2.82217451077159,-3.0151803428328,-0.162874317038719,4.36083312421798,-0.0340099608327414,0.482200000059409,0.489818502062349,0.562018163083353,0.479254373082981,0.552556106322717
"ASV9062_Family_Saccharimonadaceae",-2.9295851928661,-2.9700801777042,-2.75194525716,0.158224175619071,4.42251496425365,0.0328332904430638,0.484103179417149,0.465308572984529,0.535827112586469,0.449515650251033,0.523264771196425
"ASV9126_Pseudomonas_E.marginalis.RS_GCF_900105325_1.",-2.89912701249993,-2.89070301939936,-2.93488666427583,-0.100606699947804,4.46256829464612,-0.0173895008679068,0.491400000028675,0.511890930512168,0.585199119348506,0.523728576202987,0.597335036342093
"ASV9146_Ruminococcus_F.champanellensis.RS_GCF_000210095_1.",-2.92123808639343,-2.89979430758731,-3.01583657010653,-0.167655297309699,4.48893805105827,-0.0311450326212201,0.485800000047372,0.498271865719116,0.572048355724413,0.499039364422232,0.571942942811865
"ASV9364_Alkalibacterium.sp002500855.RS_GCF_009935905_1.",-2.96364504794238,-2.99259254559608,-2.83227657812399,0.181948523775485,4.50661145891952,0.0373559735829676,0.481703659329192,0.464149974734488,0.534184725665688,0.477664755083336,0.548658553342095
"ASV9605_Agrobacterium.sp900013535.RS_GCF_005221385_1.",-2.96471608660456,-2.93558758461143,-3.0865657214857,-0.121330773975751,4.37764503018321,-0.0236950748984123,0.488800000037352,0.480627863406427,0.552808180705739,0.480948073531773,0.553058890560579
"ASV9649_Aureimonas_A.sp001425485.RS_GCF_001425485_1.",-2.91346737838806,-2.94579173006013,-2.75339968742003,0.234380230309462,4.52783088933808,0.0444121816340184,0.474200000086229,0.466822012434122,0.539041334886961,0.464704998429108,0.536831232740536
"ASV9707_Order_Pirellulales",-2.93703227141287,-2.90414443207744,-3.07138106827542,-0.165638908140774,4.35323690978277,-0.033354726028447,0.48270345936584,0.473172153763261,0.546636645704932,0.472576038708052,0.546512044186432
"ASV9868_UBA3789.sp002369415.GB_GCA_002369415_1.",-2.89282088421094,-2.86470016778215,-3.00693661949187,-0.190041187414783,4.4153408312782,-0.0393900757095227,0.481200000062756,0.501112036421013,0.574058749764413,0.492998225269443,0.5666762276539
"ASV10069_Butyrivibrio.sp000421405.RS_GCF_000421405_1.",-2.98519026245975,-2.96122381492906,-3.08115749244605,-0.247296596740518,4.39054474156259,-0.0449069679639254,0.475200000082871,0.499173309485197,0.570986929359808,0.494868578014187,0.5673486772765
"ASV10247_Exiguobacterium.sp902362975.RS_GCF_902362975_1.",-2.92036900386873,-2.90808420117568,-2.97966290895241,-0.13145297429652,4.51663022514425,-0.0233021563583039,0.488200000039355,0.506219802162401,0.579208930128445,0.526967094642706,0.599588849989287
"ASV10458_CAG.594.sp900759985.RS_GCF_900759985_1.",-2.92837420318931,-2.90043338443533,-3.04268192143573,-0.157573688910775,4.40756192011982,-0.0303965026223999,0.485502899468461,0.475249454259223,0.54850430637569,0.484036855797426,0.555950998099785
"ASV12812_Family_Staphylococcaceae",-2.97192917166544,-2.9816583058156,-2.93428568472823,0.108705408525809,4.37230074954688,0.0194423174443921,0.489902019629741,0.504045135200509,0.577244315143781,0.515154359346044,0.589987833600561
"ASV15017_Kingdom_",-2.86876777516573,-2.85859346712989,-2.90925272847877,-0.0220790949161138,4.5063588343949,-0.00429221234632986,0.49770045991568,0.516130981397677,0.590338135407528,0.530684577549337,0.604191635784756
